Date,TargetUri,Nomfichier1,Metadata1,Nomfichier2,Metadata2,AREA_MM,Metadata3,PERIMETER_MM,Metadata4
2018-07-16T18:10:00Z,phis-egi-demo:id/scientific-object/so-sp004001,82-2-PS_Tray_419-RGB2-FishEyeCorrected,,82-2-PS_Tray_419-RGB2-FishEyeMasked,,691.3116286,,230.0552937,
2018-07-16T18:10:00Z,phis-egi-demo:id/scientific-object/so-sp004002,82-2-PS_Tray_419-RGB2-FishEyeCorrected,,82-2-PS_Tray_419-RGB2-FishEyeMasked,,433.7930277,,134.9646338,
2018-07-16T18:10:00Z,phis-egi-demo:id/scientific-object/so-sp004003,82-2-PS_Tray_419-RGB2-FishEyeCorrected,,82-2-PS_Tray_419-RGB2-FishEyeMasked,,1584.997542,,381.8877427,
2018-07-16T18:10:00Z,phis-egi-demo:id/scientific-object/so-sp004004,82-2-PS_Tray_419-RGB2-FishEyeCorrected,,82-2-PS_Tray_419-RGB2-FishEyeMasked,,1029.405176,,261.3939243,
2018-07-16T18:10:00Z,phis-egi-demo:id/scientific-object/so-sp004005,82-2-PS_Tray_419-RGB2-FishEyeCorrected,,82-2-PS_Tray_419-RGB2-FishEyeMasked,,1078.927984,,282.5338077,
2018-07-16T18:10:00Z,phis-egi-demo:id/scientific-object/so-sp004006,82-2-PS_Tray_419-RGB2-FishEyeCorrected,,82-2-PS_Tray_419-RGB2-FishEyeMasked,,711.9684394,,226.2584313,
2018-07-16T18:15:00Z,phis-egi-demo:id/scientific-object/so-sp004007,82-2-PS_Tray_420-RGB2-FishEyeCorrected,,82-2-PS_Tray_420-RGB2-FishEyeMasked,,652.7195305,,209.0779575,
2018-07-16T18:15:00Z,phis-egi-demo:id/scientific-object/so-sp004008,82-2-PS_Tray_420-RGB2-FishEyeCorrected,,82-2-PS_Tray_420-RGB2-FishEyeMasked,,775.9911685,,270.8678687,
2018-07-16T18:15:00Z,phis-egi-demo:id/scientific-object/so-sp004009,82-2-PS_Tray_420-RGB2-FishEyeCorrected,,82-2-PS_Tray_420-RGB2-FishEyeMasked,,1185.468944,,258.8643997,
2018-07-16T18:15:00Z,phis-egi-demo:id/scientific-object/so-sp004010,82-2-PS_Tray_420-RGB2-FishEyeCorrected,,82-2-PS_Tray_420-RGB2-FishEyeMasked,,531.8124952,,167.2418655,
2018-07-16T18:15:00Z,phis-egi-demo:id/scientific-object/so-sp004011,82-2-PS_Tray_420-RGB2-FishEyeCorrected,,82-2-PS_Tray_420-RGB2-FishEyeMasked,,937.1856773,,212.7225747,
2018-07-16T18:15:00Z,phis-egi-demo:id/scientific-object/so-sp004012,82-2-PS_Tray_420-RGB2-FishEyeCorrected,,82-2-PS_Tray_420-RGB2-FishEyeMasked,,699.8331207,,189.7091313,
2018-07-16T18:19:00Z,phis-egi-demo:id/scientific-object/so-sp004013,82-2-PS_Tray_421-RGB2-FishEyeCorrected,,82-2-PS_Tray_421-RGB2-FishEyeMasked,,848.3569291,,208.8605167,
2018-07-16T18:19:00Z,phis-egi-demo:id/scientific-object/so-sp004014,82-2-PS_Tray_421-RGB2-FishEyeCorrected,,82-2-PS_Tray_421-RGB2-FishEyeMasked,,433.882258,,144.7921862,
2018-07-16T18:19:00Z,phis-egi-demo:id/scientific-object/so-sp004015,82-2-PS_Tray_421-RGB2-FishEyeCorrected,,82-2-PS_Tray_421-RGB2-FishEyeMasked,,374.1871977,,141.0238374,
2018-07-16T18:19:00Z,phis-egi-demo:id/scientific-object/so-sp004016,82-2-PS_Tray_421-RGB2-FishEyeCorrected,,82-2-PS_Tray_421-RGB2-FishEyeMasked,,235.7464114,,93.03847487,
2018-07-16T18:19:00Z,phis-egi-demo:id/scientific-object/so-sp004017,82-2-PS_Tray_421-RGB2-FishEyeCorrected,,82-2-PS_Tray_421-RGB2-FishEyeMasked,,663.7394707,,215.1972057,
2018-07-16T18:19:00Z,phis-egi-demo:id/scientific-object/so-sp004018,82-2-PS_Tray_421-RGB2-FishEyeCorrected,,82-2-PS_Tray_421-RGB2-FishEyeMasked,,1045.511243,,224.482223,
2018-07-16T18:23:00Z,phis-egi-demo:id/scientific-object/so-sp004019,82-2-PS_Tray_422-RGB2-FishEyeCorrected,,82-2-PS_Tray_422-RGB2-FishEyeMasked,,1216.833389,,262.102649,
2018-07-16T18:23:00Z,phis-egi-demo:id/scientific-object/so-sp004020,82-2-PS_Tray_422-RGB2-FishEyeCorrected,,82-2-PS_Tray_422-RGB2-FishEyeMasked,,498.9311353,,142.7436435,
2018-07-16T18:23:00Z,phis-egi-demo:id/scientific-object/so-sp004021,82-2-PS_Tray_422-RGB2-FishEyeCorrected,,82-2-PS_Tray_422-RGB2-FishEyeMasked,,760.465099,,191.2363679,
2018-07-16T18:23:00Z,phis-egi-demo:id/scientific-object/so-sp004022,82-2-PS_Tray_422-RGB2-FishEyeCorrected,,82-2-PS_Tray_422-RGB2-FishEyeMasked,,694.1223825,,187.1444334,
2018-07-16T18:23:00Z,phis-egi-demo:id/scientific-object/so-sp004023,82-2-PS_Tray_422-RGB2-FishEyeCorrected,,82-2-PS_Tray_422-RGB2-FishEyeMasked,,435.0422517,,155.5283175,
2018-07-16T18:23:00Z,phis-egi-demo:id/scientific-object/so-sp004024,82-2-PS_Tray_422-RGB2-FishEyeCorrected,,82-2-PS_Tray_422-RGB2-FishEyeMasked,,589.1429529,,182.9960966,
2018-07-16T18:27:00Z,phis-egi-demo:id/scientific-object/so-sp004025,82-2-PS_Tray_423-RGB2-FishEyeCorrected,,82-2-PS_Tray_423-RGB2-FishEyeMasked,,1729.461373,,336.2972462,
2018-07-16T18:27:00Z,phis-egi-demo:id/scientific-object/so-sp004026,82-2-PS_Tray_423-RGB2-FishEyeCorrected,,82-2-PS_Tray_423-RGB2-FishEyeMasked,,1048.188151,,296.0059774,
2018-07-16T18:27:00Z,phis-egi-demo:id/scientific-object/so-sp004027,82-2-PS_Tray_423-RGB2-FishEyeCorrected,,82-2-PS_Tray_423-RGB2-FishEyeMasked,,924.4703617,,206.0271267,
2018-07-16T18:27:00Z,phis-egi-demo:id/scientific-object/so-sp004028,82-2-PS_Tray_423-RGB2-FishEyeCorrected,,82-2-PS_Tray_423-RGB2-FishEyeMasked,,534.5340188,,157.2693525,
2018-07-16T18:27:00Z,phis-egi-demo:id/scientific-object/so-sp004029,82-2-PS_Tray_423-RGB2-FishEyeCorrected,,82-2-PS_Tray_423-RGB2-FishEyeMasked,,653.7456788,,189.4316459,
2018-07-16T18:27:00Z,phis-egi-demo:id/scientific-object/so-sp004030,82-2-PS_Tray_423-RGB2-FishEyeCorrected,,82-2-PS_Tray_423-RGB2-FishEyeMasked,,1189.127385,,312.6051005,
2018-07-16T18:31:00Z,phis-egi-demo:id/scientific-object/so-sp004031,82-2-PS_Tray_424-RGB2-FishEyeCorrected,,82-2-PS_Tray_424-RGB2-FishEyeMasked,,1628.497306,,326.5509674,
2018-07-16T18:31:00Z,phis-egi-demo:id/scientific-object/so-sp004032,82-2-PS_Tray_424-RGB2-FishEyeCorrected,,82-2-PS_Tray_424-RGB2-FishEyeMasked,,854.7815096,,253.2049043,
2018-07-16T18:31:00Z,phis-egi-demo:id/scientific-object/so-sp004033,82-2-PS_Tray_424-RGB2-FishEyeCorrected,,82-2-PS_Tray_424-RGB2-FishEyeMasked,,875.616781,,236.7507418,
2018-07-16T18:31:00Z,phis-egi-demo:id/scientific-object/so-sp004034,82-2-PS_Tray_424-RGB2-FishEyeCorrected,,82-2-PS_Tray_424-RGB2-FishEyeMasked,,1001.922249,,282.2775513,
2018-07-16T18:31:00Z,phis-egi-demo:id/scientific-object/so-sp004035,82-2-PS_Tray_424-RGB2-FishEyeCorrected,,82-2-PS_Tray_424-RGB2-FishEyeMasked,,890.4290082,,167.5193509,
2018-07-16T18:31:00Z,phis-egi-demo:id/scientific-object/so-sp004036,82-2-PS_Tray_424-RGB2-FishEyeCorrected,,82-2-PS_Tray_424-RGB2-FishEyeMasked,,1075.001852,,247.6406269,
2018-07-16T18:35:00Z,phis-egi-demo:id/scientific-object/so-sp004037,82-2-PS_Tray_425-RGB2-FishEyeCorrected,,82-2-PS_Tray_425-RGB2-FishEyeMasked,,569.4676752,,193.2160727,
2018-07-16T18:35:00Z,phis-egi-demo:id/scientific-object/so-sp004038,82-2-PS_Tray_425-RGB2-FishEyeCorrected,,82-2-PS_Tray_425-RGB2-FishEyeMasked,,609.576688,,182.8423428,
2018-07-16T18:35:00Z,phis-egi-demo:id/scientific-object/so-sp004039,82-2-PS_Tray_425-RGB2-FishEyeCorrected,,82-2-PS_Tray_425-RGB2-FishEyeMasked,,739.763673,,186.7856744,
2018-07-16T18:35:00Z,phis-egi-demo:id/scientific-object/so-sp004040,82-2-PS_Tray_425-RGB2-FishEyeCorrected,,82-2-PS_Tray_425-RGB2-FishEyeMasked,,447.7129521,,158.3917298,
2018-07-16T18:40:00Z,phis-egi-demo:id/scientific-object/so-sp004043,82-2-PS_Tray_426-RGB2-FishEyeCorrected,,82-2-PS_Tray_426-RGB2-FishEyeMasked,,477.2481762,,186.1406367,
2018-07-16T18:40:00Z,phis-egi-demo:id/scientific-object/so-sp004044,82-2-PS_Tray_426-RGB2-FishEyeCorrected,,82-2-PS_Tray_426-RGB2-FishEyeMasked,,284.7784527,,171.607643,
2018-07-16T18:40:00Z,phis-egi-demo:id/scientific-object/so-sp004045,82-2-PS_Tray_426-RGB2-FishEyeCorrected,,82-2-PS_Tray_426-RGB2-FishEyeMasked,,277.0600331,,154.7859282,
2018-07-16T18:40:00Z,phis-egi-demo:id/scientific-object/so-sp004046,82-2-PS_Tray_426-RGB2-FishEyeCorrected,,82-2-PS_Tray_426-RGB2-FishEyeMasked,,467.4774601,,126.2718943,
2018-07-16T18:40:00Z,phis-egi-demo:id/scientific-object/so-sp004047,82-2-PS_Tray_426-RGB2-FishEyeCorrected,,82-2-PS_Tray_426-RGB2-FishEyeMasked,,342.5550619,,155.003369,
2018-07-16T18:40:00Z,phis-egi-demo:id/scientific-object/so-sp004048,82-2-PS_Tray_426-RGB2-FishEyeCorrected,,82-2-PS_Tray_426-RGB2-FishEyeMasked,,159.3206728,,67.52917152,
2018-07-16T18:40:00Z,phis-egi-demo:id/scientific-object/so-sp004049,82-2-PS_Tray_426-RGB2-FishEyeCorrected,,82-2-PS_Tray_426-RGB2-FishEyeMasked,,244.1786733,,105.8407355,
2018-07-16T18:40:00Z,phis-egi-demo:id/scientific-object/so-sp004050,82-2-PS_Tray_426-RGB2-FishEyeCorrected,,82-2-PS_Tray_426-RGB2-FishEyeMasked,,228.1618373,,123.1610189,
2018-07-16T18:40:00Z,phis-egi-demo:id/scientific-object/so-sp004051,82-2-PS_Tray_426-RGB2-FishEyeCorrected,,82-2-PS_Tray_426-RGB2-FishEyeMasked,,187.5620579,,76.53306106,
2018-07-16T18:40:00Z,phis-egi-demo:id/scientific-object/so-sp004052,82-2-PS_Tray_426-RGB2-FishEyeCorrected,,82-2-PS_Tray_426-RGB2-FishEyeMasked,,369.8595289,,148.2354407,
2018-07-16T18:44:00Z,phis-egi-demo:id/scientific-object/so-sp004053,82-2-PS_Tray_427-RGB2-FishEyeCorrected,,82-2-PS_Tray_427-RGB2-FishEyeMasked,,42.65207595,,36.71548949,
2018-07-16T18:44:00Z,phis-egi-demo:id/scientific-object/so-sp004054,82-2-PS_Tray_427-RGB2-FishEyeCorrected,,82-2-PS_Tray_427-RGB2-FishEyeMasked,,25.02909478,,20.17126004,
2018-07-16T18:44:00Z,phis-egi-demo:id/scientific-object/so-sp004055,82-2-PS_Tray_427-RGB2-FishEyeCorrected,,82-2-PS_Tray_427-RGB2-FishEyeMasked,,9.859946429,,11.71354799,
2018-07-16T18:44:00Z,phis-egi-demo:id/scientific-object/so-sp004056,82-2-PS_Tray_427-RGB2-FishEyeCorrected,,82-2-PS_Tray_427-RGB2-FishEyeMasked,,27.25985189,,34.29575209,
2018-07-16T18:44:00Z,phis-egi-demo:id/scientific-object/so-sp004057,82-2-PS_Tray_427-RGB2-FishEyeCorrected,,82-2-PS_Tray_427-RGB2-FishEyeMasked,,NA,,NA,
2018-07-16T18:44:00Z,phis-egi-demo:id/scientific-object/so-sp004058,82-2-PS_Tray_427-RGB2-FishEyeCorrected,,82-2-PS_Tray_427-RGB2-FishEyeMasked,,NA,,NA,
2018-07-16T18:44:00Z,phis-egi-demo:id/scientific-object/so-sp004059,82-2-PS_Tray_427-RGB2-FishEyeCorrected,,82-2-PS_Tray_427-RGB2-FishEyeMasked,,20.70142599,,26.04304519,
2018-07-16T18:44:00Z,phis-egi-demo:id/scientific-object/so-sp004060,82-2-PS_Tray_427-RGB2-FishEyeCorrected,,82-2-PS_Tray_427-RGB2-FishEyeMasked,,71.11653668,,43.67962961,
2018-07-16T18:44:00Z,phis-egi-demo:id/scientific-object/so-sp004061,82-2-PS_Tray_427-RGB2-FishEyeCorrected,,82-2-PS_Tray_427-RGB2-FishEyeMasked,,NA,,NA,
2018-07-16T18:44:00Z,phis-egi-demo:id/scientific-object/so-sp004062,82-2-PS_Tray_427-RGB2-FishEyeCorrected,,82-2-PS_Tray_427-RGB2-FishEyeMasked,,NA,,NA,
2018-07-18T19:34:00Z,phis-egi-demo:id/scientific-object/so-sp004019,82-3-PS_Tray_422-RGB2-FishEyeCorrected,,82-3-PS_Tray_422-RGB2-FishEyeMasked,,1460.744371,,289.6905174,
2018-07-18T19:34:00Z,phis-egi-demo:id/scientific-object/so-sp004020,82-3-PS_Tray_422-RGB2-FishEyeCorrected,,82-3-PS_Tray_422-RGB2-FishEyeMasked,,664.2748524,,169.7252898,
2018-07-18T19:34:00Z,phis-egi-demo:id/scientific-object/so-sp004021,82-3-PS_Tray_422-RGB2-FishEyeCorrected,,82-3-PS_Tray_422-RGB2-FishEyeMasked,,924.6488223,,235.4746106,
2018-07-18T19:34:00Z,phis-egi-demo:id/scientific-object/so-sp004022,82-3-PS_Tray_422-RGB2-FishEyeCorrected,,82-3-PS_Tray_422-RGB2-FishEyeMasked,,1005.848381,,238.0869175,
2018-07-18T19:34:00Z,phis-egi-demo:id/scientific-object/so-sp004023,82-3-PS_Tray_422-RGB2-FishEyeCorrected,,82-3-PS_Tray_422-RGB2-FishEyeMasked,,564.381549,,175.7295998,
2018-07-18T19:34:00Z,phis-egi-demo:id/scientific-object/so-sp004024,82-3-PS_Tray_422-RGB2-FishEyeCorrected,,82-3-PS_Tray_422-RGB2-FishEyeMasked,,714.0207359,,193.1435924,
2018-07-18T19:38:00Z,phis-egi-demo:id/scientific-object/so-sp004025,82-3-PS_Tray_423-RGB2-FishEyeCorrected,,82-3-PS_Tray_423-RGB2-FishEyeMasked,,2212.152596,,380.1518587,
2018-07-18T19:38:00Z,phis-egi-demo:id/scientific-object/so-sp004026,82-3-PS_Tray_423-RGB2-FishEyeCorrected,,82-3-PS_Tray_423-RGB2-FishEyeMasked,,1342.380399,,281.3777658,
2018-07-18T19:38:00Z,phis-egi-demo:id/scientific-object/so-sp004027,82-3-PS_Tray_423-RGB2-FishEyeCorrected,,82-3-PS_Tray_423-RGB2-FishEyeMasked,,1209.962657,,234.3361554,
2018-07-18T19:38:00Z,phis-egi-demo:id/scientific-object/so-sp004028,82-3-PS_Tray_423-RGB2-FishEyeCorrected,,82-3-PS_Tray_423-RGB2-FishEyeMasked,,732.4021745,,198.4479711,
2018-07-18T19:38:00Z,phis-egi-demo:id/scientific-object/so-sp004029,82-3-PS_Tray_423-RGB2-FishEyeCorrected,,82-3-PS_Tray_423-RGB2-FishEyeMasked,,824.7109038,,207.6956814,
2018-07-18T19:38:00Z,phis-egi-demo:id/scientific-object/so-sp004030,82-3-PS_Tray_423-RGB2-FishEyeCorrected,,82-3-PS_Tray_423-RGB2-FishEyeMasked,,1460.432065,,307.7231677,
2018-07-18T19:42:00Z,phis-egi-demo:id/scientific-object/so-sp004031,82-3-PS_Tray_424-RGB2-FishEyeCorrected,,82-3-PS_Tray_424-RGB2-FishEyeMasked,,2170.660514,,370.7855678,
2018-07-18T19:42:00Z,phis-egi-demo:id/scientific-object/so-sp004032,82-3-PS_Tray_424-RGB2-FishEyeCorrected,,82-3-PS_Tray_424-RGB2-FishEyeMasked,,1079.597211,,238.7304466,
2018-07-18T19:42:00Z,phis-egi-demo:id/scientific-object/so-sp004033,82-3-PS_Tray_424-RGB2-FishEyeCorrected,,82-3-PS_Tray_424-RGB2-FishEyeMasked,,1037.168211,,222.1013012,
2018-07-18T19:42:00Z,phis-egi-demo:id/scientific-object/so-sp004034,82-3-PS_Tray_424-RGB2-FishEyeCorrected,,82-3-PS_Tray_424-RGB2-FishEyeMasked,,1126.621571,,238.8329492,
2018-07-18T19:42:00Z,phis-egi-demo:id/scientific-object/so-sp004035,82-3-PS_Tray_424-RGB2-FishEyeCorrected,,82-3-PS_Tray_424-RGB2-FishEyeMasked,,1145.047625,,210.6227807,
2018-07-18T19:42:00Z,phis-egi-demo:id/scientific-object/so-sp004036,82-3-PS_Tray_424-RGB2-FishEyeCorrected,,82-3-PS_Tray_424-RGB2-FishEyeMasked,,1350.812661,,261.6201584,
2018-07-18T19:46:00Z,phis-egi-demo:id/scientific-object/so-sp004037,82-3-PS_Tray_425-RGB2-FishEyeCorrected,,82-3-PS_Tray_425-RGB2-FishEyeMasked,,646.8303318,,180.7088841,
2018-07-18T19:46:00Z,phis-egi-demo:id/scientific-object/so-sp004038,82-3-PS_Tray_425-RGB2-FishEyeCorrected,,82-3-PS_Tray_425-RGB2-FishEyeMasked,,753.8174428,,204.9896653,
2018-07-18T19:46:00Z,phis-egi-demo:id/scientific-object/so-sp004039,82-3-PS_Tray_425-RGB2-FishEyeCorrected,,82-3-PS_Tray_425-RGB2-FishEyeMasked,,866.8722132,,203.1725077,
2018-07-18T19:46:00Z,phis-egi-demo:id/scientific-object/so-sp004040,82-3-PS_Tray_425-RGB2-FishEyeCorrected,,82-3-PS_Tray_425-RGB2-FishEyeMasked,,572.9030411,,151.8412423,
2018-07-18T19:50:00Z,phis-egi-demo:id/scientific-object/so-sp004043,82-3-PS_Tray_426-RGB2-FishEyeCorrected,,82-3-PS_Tray_426-RGB2-FishEyeMasked,,565.318467,,197.7092241,
2018-07-18T19:50:00Z,phis-egi-demo:id/scientific-object/so-sp004044,82-3-PS_Tray_426-RGB2-FishEyeCorrected,,82-3-PS_Tray_426-RGB2-FishEyeMasked,,352.1473175,,176.1396101,
2018-07-18T19:50:00Z,phis-egi-demo:id/scientific-object/so-sp004045,82-3-PS_Tray_426-RGB2-FishEyeCorrected,,82-3-PS_Tray_426-RGB2-FishEyeMasked,,364.7734027,,157.3206038,
2018-07-18T19:50:00Z,phis-egi-demo:id/scientific-object/so-sp004046,82-3-PS_Tray_426-RGB2-FishEyeCorrected,,82-3-PS_Tray_426-RGB2-FishEyeMasked,,600.2075082,,199.4078012,
2018-07-18T19:50:00Z,phis-egi-demo:id/scientific-object/so-sp004047,82-3-PS_Tray_426-RGB2-FishEyeCorrected,,82-3-PS_Tray_426-RGB2-FishEyeMasked,,466.0051604,,175.5033657,
2018-07-18T19:50:00Z,phis-egi-demo:id/scientific-object/so-sp004048,82-3-PS_Tray_426-RGB2-FishEyeCorrected,,82-3-PS_Tray_426-RGB2-FishEyeMasked,,213.8849918,,98.48781408,
2018-07-18T19:50:00Z,phis-egi-demo:id/scientific-object/so-sp004049,82-3-PS_Tray_426-RGB2-FishEyeCorrected,,82-3-PS_Tray_426-RGB2-FishEyeMasked,,285.4476799,,119.9139763,
2018-07-18T19:50:00Z,phis-egi-demo:id/scientific-object/so-sp004050,82-3-PS_Tray_426-RGB2-FishEyeCorrected,,82-3-PS_Tray_426-RGB2-FishEyeMasked,,264.6124085,,115.5357631,
2018-07-18T19:50:00Z,phis-egi-demo:id/scientific-object/so-sp004051,82-3-PS_Tray_426-RGB2-FishEyeCorrected,,82-3-PS_Tray_426-RGB2-FishEyeMasked,,230.8833609,,73.37093436,
2018-07-18T19:50:00Z,phis-egi-demo:id/scientific-object/so-sp004052,82-3-PS_Tray_426-RGB2-FishEyeCorrected,,82-3-PS_Tray_426-RGB2-FishEyeMasked,,487.9558104,,194.5859131,
2018-07-18T19:54:00Z,phis-egi-demo:id/scientific-object/so-sp004053,82-3-PS_Tray_427-RGB2-FishEyeCorrected,,82-3-PS_Tray_427-RGB2-FishEyeMasked,,80.21802569,,50.9937354,
2018-07-18T19:54:00Z,phis-egi-demo:id/scientific-object/so-sp004054,82-3-PS_Tray_427-RGB2-FishEyeCorrected,,82-3-PS_Tray_427-RGB2-FishEyeMasked,,56.08123376,,29.00016674,
2018-07-18T19:54:00Z,phis-egi-demo:id/scientific-object/so-sp004055,82-3-PS_Tray_427-RGB2-FishEyeCorrected,,82-3-PS_Tray_427-RGB2-FishEyeMasked,,12.13531868,,13.08338837,
2018-07-18T19:54:00Z,phis-egi-demo:id/scientific-object/so-sp004056,82-3-PS_Tray_427-RGB2-FishEyeCorrected,,82-3-PS_Tray_427-RGB2-FishEyeMasked,,51.08433783,,52.90095994,
2018-07-18T19:54:00Z,phis-egi-demo:id/scientific-object/so-sp004057,82-3-PS_Tray_427-RGB2-FishEyeCorrected,,82-3-PS_Tray_427-RGB2-FishEyeMasked,,NA,,NA,
2018-07-18T19:54:00Z,phis-egi-demo:id/scientific-object/so-sp004058,82-3-PS_Tray_427-RGB2-FishEyeCorrected,,82-3-PS_Tray_427-RGB2-FishEyeMasked,,NA,,NA,
2018-07-18T19:54:00Z,phis-egi-demo:id/scientific-object/so-sp004059,82-3-PS_Tray_427-RGB2-FishEyeCorrected,,82-3-PS_Tray_427-RGB2-FishEyeMasked,,11.86762783,,15.96802966,
2018-07-18T19:54:00Z,phis-egi-demo:id/scientific-object/so-sp004060,82-3-PS_Tray_427-RGB2-FishEyeCorrected,,82-3-PS_Tray_427-RGB2-FishEyeMasked,,98.77792485,,52.50853631,
2018-07-18T19:54:00Z,phis-egi-demo:id/scientific-object/so-sp004061,82-3-PS_Tray_427-RGB2-FishEyeCorrected,,82-3-PS_Tray_427-RGB2-FishEyeMasked,,NA,,NA,
2018-07-18T19:54:00Z,phis-egi-demo:id/scientific-object/so-sp004062,82-3-PS_Tray_427-RGB2-FishEyeCorrected,,82-3-PS_Tray_427-RGB2-FishEyeMasked,,NA,,NA,
2018-07-18T19:59:00Z,phis-egi-demo:id/scientific-object/so-sp004001,82-3-PS_Tray_419-RGB2-FishEyeCorrected,,82-3-PS_Tray_419-RGB2-FishEyeMasked,,928.9764911,,225.8732923,
2018-07-18T19:59:00Z,phis-egi-demo:id/scientific-object/so-sp004002,82-3-PS_Tray_419-RGB2-FishEyeCorrected,,82-3-PS_Tray_419-RGB2-FishEyeMasked,,516.8218074,,153.5185904,
2018-07-18T19:59:00Z,phis-egi-demo:id/scientific-object/so-sp004003,82-3-PS_Tray_419-RGB2-FishEyeCorrected,,82-3-PS_Tray_419-RGB2-FishEyeMasked,,1946.6925,,371.4591192,
2018-07-18T19:59:00Z,phis-egi-demo:id/scientific-object/so-sp004004,82-3-PS_Tray_419-RGB2-FishEyeCorrected,,82-3-PS_Tray_419-RGB2-FishEyeMasked,,1242.799401,,276.3296436,
2018-07-18T19:59:00Z,phis-egi-demo:id/scientific-object/so-sp004005,82-3-PS_Tray_419-RGB2-FishEyeCorrected,,82-3-PS_Tray_419-RGB2-FishEyeMasked,,1386.63862,,281.8214408,
2018-07-18T19:59:00Z,phis-egi-demo:id/scientific-object/so-sp004006,82-3-PS_Tray_419-RGB2-FishEyeCorrected,,82-3-PS_Tray_419-RGB2-FishEyeMasked,,839.3000553,,214.7447375,
2018-07-18T20:03:00Z,phis-egi-demo:id/scientific-object/so-sp004007,82-3-PS_Tray_420-RGB2-FishEyeCorrected,,82-3-PS_Tray_420-RGB2-FishEyeMasked,,775.1880959,,228.4167613,
2018-07-18T20:03:00Z,phis-egi-demo:id/scientific-object/so-sp004008,82-3-PS_Tray_420-RGB2-FishEyeCorrected,,82-3-PS_Tray_420-RGB2-FishEyeMasked,,1038.640511,,294.1287752,
2018-07-18T20:03:00Z,phis-egi-demo:id/scientific-object/so-sp004009,82-3-PS_Tray_420-RGB2-FishEyeCorrected,,82-3-PS_Tray_420-RGB2-FishEyeMasked,,1501.834917,,299.5356565,
2018-07-18T20:03:00Z,phis-egi-demo:id/scientific-object/so-sp004010,82-3-PS_Tray_420-RGB2-FishEyeCorrected,,82-3-PS_Tray_420-RGB2-FishEyeMasked,,625.1027575,,169.6828318,
2018-07-18T20:03:00Z,phis-egi-demo:id/scientific-object/so-sp004011,82-3-PS_Tray_420-RGB2-FishEyeCorrected,,82-3-PS_Tray_420-RGB2-FishEyeMasked,,1147.367612,,234.6985567,
2018-07-18T20:03:00Z,phis-egi-demo:id/scientific-object/so-sp004012,82-3-PS_Tray_420-RGB2-FishEyeCorrected,,82-3-PS_Tray_420-RGB2-FishEyeMasked,,761.3127867,,184.9633658,
2018-07-18T20:07:00Z,phis-egi-demo:id/scientific-object/so-sp004013,82-3-PS_Tray_421-RGB2-FishEyeCorrected,,82-3-PS_Tray_421-RGB2-FishEyeMasked,,1033.152848,,232.3600929,
2018-07-18T20:07:00Z,phis-egi-demo:id/scientific-object/so-sp004014,82-3-PS_Tray_421-RGB2-FishEyeCorrected,,82-3-PS_Tray_421-RGB2-FishEyeMasked,,573.3045774,,157.3418328,
2018-07-18T20:07:00Z,phis-egi-demo:id/scientific-object/so-sp004015,82-3-PS_Tray_421-RGB2-FishEyeCorrected,,82-3-PS_Tray_421-RGB2-FishEyeMasked,,517.0002679,,163.0510707,
2018-07-18T20:07:00Z,phis-egi-demo:id/scientific-object/so-sp004016,82-3-PS_Tray_421-RGB2-FishEyeCorrected,,82-3-PS_Tray_421-RGB2-FishEyeMasked,,278.7107934,,99.18774543,
2018-07-18T20:07:00Z,phis-egi-demo:id/scientific-object/so-sp004017,82-3-PS_Tray_421-RGB2-FishEyeCorrected,,82-3-PS_Tray_421-RGB2-FishEyeMasked,,736.5067676,,187.2557293,
2018-07-18T20:07:00Z,phis-egi-demo:id/scientific-object/so-sp004018,82-3-PS_Tray_421-RGB2-FishEyeCorrected,,82-3-PS_Tray_421-RGB2-FishEyeMasked,,1106.857063,,215.4358755,
2018-07-20T19:34:00Z,phis-egi-demo:id/scientific-object/so-sp004001,82-4-PS_Tray_419-RGB2-FishEyeCorrected,,82-4-PS_Tray_419-RGB2-FishEyeMasked,,1419.832286,,333.1812198,
2018-07-20T19:34:00Z,phis-egi-demo:id/scientific-object/so-sp004002,82-4-PS_Tray_419-RGB2-FishEyeCorrected,,82-4-PS_Tray_419-RGB2-FishEyeMasked,,846.126172,,201.9512702,
2018-07-20T19:34:00Z,phis-egi-demo:id/scientific-object/so-sp004003,82-4-PS_Tray_419-RGB2-FishEyeCorrected,,82-4-PS_Tray_419-RGB2-FishEyeMasked,,2989.74991,,489.2432791,
2018-07-20T19:34:00Z,phis-egi-demo:id/scientific-object/so-sp004004,82-4-PS_Tray_419-RGB2-FishEyeCorrected,,82-4-PS_Tray_419-RGB2-FishEyeMasked,,2008.752163,,395.5861465,
2018-07-20T19:34:00Z,phis-egi-demo:id/scientific-object/so-sp004005,82-4-PS_Tray_419-RGB2-FishEyeCorrected,,82-4-PS_Tray_419-RGB2-FishEyeMasked,,2185.338896,,362.9501558,
2018-07-20T19:34:00Z,phis-egi-demo:id/scientific-object/so-sp004006,82-4-PS_Tray_419-RGB2-FishEyeCorrected,,82-4-PS_Tray_419-RGB2-FishEyeMasked,,1463.153589,,341.7802501,
2018-07-20T19:38:00Z,phis-egi-demo:id/scientific-object/so-sp004007,82-4-PS_Tray_420-RGB2-FishEyeCorrected,,82-4-PS_Tray_420-RGB2-FishEyeMasked,,1211.434956,,260.8689758,
2018-07-20T19:38:00Z,phis-egi-demo:id/scientific-object/so-sp004008,82-4-PS_Tray_420-RGB2-FishEyeCorrected,,82-4-PS_Tray_420-RGB2-FishEyeMasked,,1704.878429,,368.6081425,
2018-07-20T19:38:00Z,phis-egi-demo:id/scientific-object/so-sp004009,82-4-PS_Tray_420-RGB2-FishEyeCorrected,,82-4-PS_Tray_420-RGB2-FishEyeMasked,,2635.23799,,440.1282546,
2018-07-20T19:38:00Z,phis-egi-demo:id/scientific-object/so-sp004010,82-4-PS_Tray_420-RGB2-FishEyeCorrected,,82-4-PS_Tray_420-RGB2-FishEyeMasked,,1055.505034,,250.6153351,
2018-07-20T19:38:00Z,phis-egi-demo:id/scientific-object/so-sp004011,82-4-PS_Tray_420-RGB2-FishEyeCorrected,,82-4-PS_Tray_420-RGB2-FishEyeMasked,,1646.164902,,322.3726083,
2018-07-20T19:38:00Z,phis-egi-demo:id/scientific-object/so-sp004012,82-4-PS_Tray_420-RGB2-FishEyeCorrected,,82-4-PS_Tray_420-RGB2-FishEyeMasked,,1213.97802,,264.492364,
2018-07-20T19:42:00Z,phis-egi-demo:id/scientific-object/so-sp004013,82-4-PS_Tray_421-RGB2-FishEyeCorrected,,82-4-PS_Tray_421-RGB2-FishEyeMasked,,1795.937935,,371.1303825,
2018-07-20T19:42:00Z,phis-egi-demo:id/scientific-object/so-sp004014,82-4-PS_Tray_421-RGB2-FishEyeCorrected,,82-4-PS_Tray_421-RGB2-FishEyeMasked,,993.7576776,,228.2029628,
2018-07-20T19:42:00Z,phis-egi-demo:id/scientific-object/so-sp004015,82-4-PS_Tray_421-RGB2-FishEyeCorrected,,82-4-PS_Tray_421-RGB2-FishEyeMasked,,797.2725913,,210.9763887,
2018-07-20T19:42:00Z,phis-egi-demo:id/scientific-object/so-sp004016,82-4-PS_Tray_421-RGB2-FishEyeCorrected,,82-4-PS_Tray_421-RGB2-FishEyeMasked,,504.775719,,153.4885681,
2018-07-20T19:42:00Z,phis-egi-demo:id/scientific-object/so-sp004017,82-4-PS_Tray_421-RGB2-FishEyeCorrected,,82-4-PS_Tray_421-RGB2-FishEyeMasked,,1199.388868,,297.4146334,
2018-07-20T19:42:00Z,phis-egi-demo:id/scientific-object/so-sp004018,82-4-PS_Tray_421-RGB2-FishEyeCorrected,,82-4-PS_Tray_421-RGB2-FishEyeMasked,,1728.122918,,318.7119131,
2018-07-20T19:46:00Z,phis-egi-demo:id/scientific-object/so-sp004019,82-4-PS_Tray_422-RGB2-FishEyeCorrected,,82-4-PS_Tray_422-RGB2-FishEyeMasked,,2165.797463,,407.5911242,
2018-07-20T19:46:00Z,phis-egi-demo:id/scientific-object/so-sp004020,82-4-PS_Tray_422-RGB2-FishEyeCorrected,,82-4-PS_Tray_422-RGB2-FishEyeMasked,,1120.01853,,256.3758243,
2018-07-20T19:46:00Z,phis-egi-demo:id/scientific-object/so-sp004021,82-4-PS_Tray_422-RGB2-FishEyeCorrected,,82-4-PS_Tray_422-RGB2-FishEyeMasked,,1340.863484,,329.0980786,
2018-07-20T19:46:00Z,phis-egi-demo:id/scientific-object/so-sp004022,82-4-PS_Tray_422-RGB2-FishEyeCorrected,,82-4-PS_Tray_422-RGB2-FishEyeMasked,,1481.936564,,297.8019061,
2018-07-20T19:46:00Z,phis-egi-demo:id/scientific-object/so-sp004023,82-4-PS_Tray_422-RGB2-FishEyeCorrected,,82-4-PS_Tray_422-RGB2-FishEyeMasked,,775.9465533,,219.8953623,
2018-07-20T19:46:00Z,phis-egi-demo:id/scientific-object/so-sp004024,82-4-PS_Tray_422-RGB2-FishEyeCorrected,,82-4-PS_Tray_422-RGB2-FishEyeMasked,,1032.30516,,257.8606029,
2018-07-20T19:50:00Z,phis-egi-demo:id/scientific-object/so-sp004025,82-4-PS_Tray_423-RGB2-FishEyeCorrected,,82-4-PS_Tray_423-RGB2-FishEyeMasked,,3195.961097,,462.5178892,
2018-07-20T19:50:00Z,phis-egi-demo:id/scientific-object/so-sp004026,82-4-PS_Tray_423-RGB2-FishEyeCorrected,,82-4-PS_Tray_423-RGB2-FishEyeMasked,,1765.778098,,352.4666387,
2018-07-20T19:50:00Z,phis-egi-demo:id/scientific-object/so-sp004027,82-4-PS_Tray_423-RGB2-FishEyeCorrected,,82-4-PS_Tray_423-RGB2-FishEyeMasked,,1640.498779,,326.632241,
2018-07-20T19:50:00Z,phis-egi-demo:id/scientific-object/so-sp004028,82-4-PS_Tray_423-RGB2-FishEyeCorrected,,82-4-PS_Tray_423-RGB2-FishEyeMasked,,1185.379713,,272.745071,
2018-07-20T19:50:00Z,phis-egi-demo:id/scientific-object/so-sp004029,82-4-PS_Tray_423-RGB2-FishEyeCorrected,,82-4-PS_Tray_423-RGB2-FishEyeMasked,,1186.807398,,307.13089,
2018-07-20T19:50:00Z,phis-egi-demo:id/scientific-object/so-sp004030,82-4-PS_Tray_423-RGB2-FishEyeCorrected,,82-4-PS_Tray_423-RGB2-FishEyeMasked,,2299.776736,,427.5397925,
2018-07-20T19:55:00Z,phis-egi-demo:id/scientific-object/so-sp004031,82-4-PS_Tray_424-RGB2-FishEyeCorrected,,82-4-PS_Tray_424-RGB2-FishEyeMasked,,3114.984614,,493.1793261,
2018-07-20T19:55:00Z,phis-egi-demo:id/scientific-object/so-sp004032,82-4-PS_Tray_424-RGB2-FishEyeCorrected,,82-4-PS_Tray_424-RGB2-FishEyeMasked,,1644.647987,,344.5287241,
2018-07-20T19:55:00Z,phis-egi-demo:id/scientific-object/so-sp004033,82-4-PS_Tray_424-RGB2-FishEyeCorrected,,82-4-PS_Tray_424-RGB2-FishEyeMasked,,1479.527346,,276.1458674,
2018-07-20T19:55:00Z,phis-egi-demo:id/scientific-object/so-sp004034,82-4-PS_Tray_424-RGB2-FishEyeCorrected,,82-4-PS_Tray_424-RGB2-FishEyeMasked,,1573.977602,,216.2507451,
2018-07-20T19:55:00Z,phis-egi-demo:id/scientific-object/so-sp004035,82-4-PS_Tray_424-RGB2-FishEyeCorrected,,82-4-PS_Tray_424-RGB2-FishEyeMasked,,1549.126968,,278.369393,
2018-07-20T19:55:00Z,phis-egi-demo:id/scientific-object/so-sp004036,82-4-PS_Tray_424-RGB2-FishEyeCorrected,,82-4-PS_Tray_424-RGB2-FishEyeMasked,,1727.498306,,359.7243422,
2018-07-20T19:59:00Z,phis-egi-demo:id/scientific-object/so-sp004037,82-4-PS_Tray_425-RGB2-FishEyeCorrected,,82-4-PS_Tray_425-RGB2-FishEyeMasked,,1060.769621,,259.0130025,
2018-07-20T19:59:00Z,phis-egi-demo:id/scientific-object/so-sp004038,82-4-PS_Tray_425-RGB2-FishEyeCorrected,,82-4-PS_Tray_425-RGB2-FishEyeMasked,,1031.591318,,244.4360422,
2018-07-20T19:59:00Z,phis-egi-demo:id/scientific-object/so-sp004039,82-4-PS_Tray_425-RGB2-FishEyeCorrected,,82-4-PS_Tray_425-RGB2-FishEyeMasked,,1211.836493,,260.9378137,
2018-07-20T19:59:00Z,phis-egi-demo:id/scientific-object/so-sp004040,82-4-PS_Tray_425-RGB2-FishEyeCorrected,,82-4-PS_Tray_425-RGB2-FishEyeMasked,,883.4244309,,217.3606867,
2018-07-20T20:03:00Z,phis-egi-demo:id/scientific-object/so-sp004043,82-4-PS_Tray_426-RGB2-FishEyeCorrected,,82-4-PS_Tray_426-RGB2-FishEyeMasked,,632.8657923,,220.6802096,
2018-07-20T20:03:00Z,phis-egi-demo:id/scientific-object/so-sp004044,82-4-PS_Tray_426-RGB2-FishEyeCorrected,,82-4-PS_Tray_426-RGB2-FishEyeMasked,,468.5482235,,218.8718453,
2018-07-20T20:03:00Z,phis-egi-demo:id/scientific-object/so-sp004045,82-4-PS_Tray_426-RGB2-FishEyeCorrected,,82-4-PS_Tray_426-RGB2-FishEyeMasked,,435.8453243,,185.9583692,
2018-07-20T20:03:00Z,phis-egi-demo:id/scientific-object/so-sp004046,82-4-PS_Tray_426-RGB2-FishEyeCorrected,,82-4-PS_Tray_426-RGB2-FishEyeMasked,,816.4571025,,267.6156751,
2018-07-20T20:03:00Z,phis-egi-demo:id/scientific-object/so-sp004047,82-4-PS_Tray_426-RGB2-FishEyeCorrected,,82-4-PS_Tray_426-RGB2-FishEyeMasked,,567.7722998,,222.3275353,
2018-07-20T20:03:00Z,phis-egi-demo:id/scientific-object/so-sp004048,82-4-PS_Tray_426-RGB2-FishEyeCorrected,,82-4-PS_Tray_426-RGB2-FishEyeMasked,,269.6093044,,118.411611,
2018-07-20T20:03:00Z,phis-egi-demo:id/scientific-object/so-sp004049,82-4-PS_Tray_426-RGB2-FishEyeCorrected,,82-4-PS_Tray_426-RGB2-FishEyeMasked,,392.5240212,,171.4238669,
2018-07-20T20:03:00Z,phis-egi-demo:id/scientific-object/so-sp004050,82-4-PS_Tray_426-RGB2-FishEyeCorrected,,82-4-PS_Tray_426-RGB2-FishEyeMasked,,314.8936737,,126.9505967,
2018-07-20T20:03:00Z,phis-egi-demo:id/scientific-object/so-sp004051,82-4-PS_Tray_426-RGB2-FishEyeCorrected,,82-4-PS_Tray_426-RGB2-FishEyeMasked,,311.0121564,,105.1019885,
2018-07-20T20:03:00Z,phis-egi-demo:id/scientific-object/so-sp004052,82-4-PS_Tray_426-RGB2-FishEyeCorrected,,82-4-PS_Tray_426-RGB2-FishEyeMasked,,574.5538014,,221.3288896,
2018-07-20T20:07:00Z,phis-egi-demo:id/scientific-object/so-sp004053,82-4-PS_Tray_427-RGB2-FishEyeCorrected,,82-4-PS_Tray_427-RGB2-FishEyeMasked,,110.3778618,,60.91499708,
2018-07-20T20:07:00Z,phis-egi-demo:id/scientific-object/so-sp004054,82-4-PS_Tray_427-RGB2-FishEyeCorrected,,82-4-PS_Tray_427-RGB2-FishEyeMasked,,75.17651463,,33.72834563,
2018-07-20T20:07:00Z,phis-egi-demo:id/scientific-object/so-sp004055,82-4-PS_Tray_427-RGB2-FishEyeCorrected,,82-4-PS_Tray_427-RGB2-FishEyeMasked,,14.36607579,,14.40197746,
2018-07-20T20:07:00Z,phis-egi-demo:id/scientific-object/so-sp004056,82-4-PS_Tray_427-RGB2-FishEyeCorrected,,82-4-PS_Tray_427-RGB2-FishEyeMasked,,79.45956828,,62.59598749,
2018-07-20T20:07:00Z,phis-egi-demo:id/scientific-object/so-sp004057,82-4-PS_Tray_427-RGB2-FishEyeCorrected,,82-4-PS_Tray_427-RGB2-FishEyeMasked,,NA,,NA,
2018-07-20T20:07:00Z,phis-egi-demo:id/scientific-object/so-sp004058,82-4-PS_Tray_427-RGB2-FishEyeCorrected,,82-4-PS_Tray_427-RGB2-FishEyeMasked,,27.08139132,,20.12000875,
2018-07-20T20:07:00Z,phis-egi-demo:id/scientific-object/so-sp004059,82-4-PS_Tray_427-RGB2-FishEyeCorrected,,82-4-PS_Tray_427-RGB2-FishEyeMasked,,15.52606949,,16.98790436,
2018-07-20T20:07:00Z,phis-egi-demo:id/scientific-object/so-sp004060,82-4-PS_Tray_427-RGB2-FishEyeCorrected,,82-4-PS_Tray_427-RGB2-FishEyeMasked,,154.4130072,,67.43546228,
2018-07-20T20:07:00Z,phis-egi-demo:id/scientific-object/so-sp004061,82-4-PS_Tray_427-RGB2-FishEyeCorrected,,82-4-PS_Tray_427-RGB2-FishEyeMasked,,NA,,NA,
2018-07-20T20:07:00Z,phis-egi-demo:id/scientific-object/so-sp004062,82-4-PS_Tray_427-RGB2-FishEyeCorrected,,82-4-PS_Tray_427-RGB2-FishEyeMasked,,NA,,NA,
2018-07-22T19:34:00Z,phis-egi-demo:id/scientific-object/so-sp004001,82-5-PS_Tray_419-RGB2-FishEyeCorrected,,82-5-PS_Tray_419-RGB2-FishEyeMasked,,2608.915056,,376.8271848,
2018-07-22T19:34:00Z,phis-egi-demo:id/scientific-object/so-sp004002,82-5-PS_Tray_419-RGB2-FishEyeCorrected,,82-5-PS_Tray_419-RGB2-FishEyeMasked,,1381.686339,,307.6294585,
2018-07-22T19:34:00Z,phis-egi-demo:id/scientific-object/so-sp004003,82-5-PS_Tray_419-RGB2-FishEyeCorrected,,82-5-PS_Tray_419-RGB2-FishEyeMasked,,5119.275263,,628.7823379,
2018-07-22T19:34:00Z,phis-egi-demo:id/scientific-object/so-sp004004,82-5-PS_Tray_419-RGB2-FishEyeCorrected,,82-5-PS_Tray_419-RGB2-FishEyeMasked,,3434.250572,,534.024057,
2018-07-22T19:34:00Z,phis-egi-demo:id/scientific-object/so-sp004005,82-5-PS_Tray_419-RGB2-FishEyeCorrected,,82-5-PS_Tray_419-RGB2-FishEyeMasked,,3792.153242,,552.2492769,
2018-07-22T19:34:00Z,phis-egi-demo:id/scientific-object/so-sp004006,82-5-PS_Tray_419-RGB2-FishEyeCorrected,,82-5-PS_Tray_419-RGB2-FishEyeMasked,,2304.372095,,432.1090665,
2018-07-22T19:38:00Z,phis-egi-demo:id/scientific-object/so-sp004007,82-5-PS_Tray_420-RGB2-FishEyeCorrected,,82-5-PS_Tray_420-RGB2-FishEyeMasked,,1865.13602,,397.7693477,
2018-07-22T19:38:00Z,phis-egi-demo:id/scientific-object/so-sp004008,82-5-PS_Tray_420-RGB2-FishEyeCorrected,,82-5-PS_Tray_420-RGB2-FishEyeMasked,,3010.183645,,469.2221306,
2018-07-22T19:38:00Z,phis-egi-demo:id/scientific-object/so-sp004009,82-5-PS_Tray_420-RGB2-FishEyeCorrected,,82-5-PS_Tray_420-RGB2-FishEyeMasked,,4402.622233,,587.2325247,
2018-07-22T19:38:00Z,phis-egi-demo:id/scientific-object/so-sp004010,82-5-PS_Tray_420-RGB2-FishEyeCorrected,,82-5-PS_Tray_420-RGB2-FishEyeMasked,,1550.331577,,355.5423408,
2018-07-22T19:38:00Z,phis-egi-demo:id/scientific-object/so-sp004011,82-5-PS_Tray_420-RGB2-FishEyeCorrected,,82-5-PS_Tray_420-RGB2-FishEyeMasked,,2483.903427,,418.8346173,
2018-07-22T19:38:00Z,phis-egi-demo:id/scientific-object/so-sp004012,82-5-PS_Tray_420-RGB2-FishEyeCorrected,,82-5-PS_Tray_420-RGB2-FishEyeMasked,,2021.645939,,390.444315,
2018-07-22T19:42:00Z,phis-egi-demo:id/scientific-object/so-sp004013,82-5-PS_Tray_421-RGB2-FishEyeCorrected,,82-5-PS_Tray_421-RGB2-FishEyeMasked,,3108.783109,,496.456391,
2018-07-22T19:42:00Z,phis-egi-demo:id/scientific-object/so-sp004014,82-5-PS_Tray_421-RGB2-FishEyeCorrected,,82-5-PS_Tray_421-RGB2-FishEyeMasked,,1606.457426,,331.7316145,
2018-07-22T19:42:00Z,phis-egi-demo:id/scientific-object/so-sp004015,82-5-PS_Tray_421-RGB2-FishEyeCorrected,,82-5-PS_Tray_421-RGB2-FishEyeMasked,,1124.390814,,292.8350574,
2018-07-22T19:42:00Z,phis-egi-demo:id/scientific-object/so-sp004016,82-5-PS_Tray_421-RGB2-FishEyeCorrected,,82-5-PS_Tray_421-RGB2-FishEyeMasked,,884.9413457,,231.7150552,
2018-07-22T19:42:00Z,phis-egi-demo:id/scientific-object/so-sp004017,82-5-PS_Tray_421-RGB2-FishEyeCorrected,,82-5-PS_Tray_421-RGB2-FishEyeMasked,,1937.814087,,399.7520699,
2018-07-22T19:42:00Z,phis-egi-demo:id/scientific-object/so-sp004018,82-5-PS_Tray_421-RGB2-FishEyeCorrected,,82-5-PS_Tray_421-RGB2-FishEyeMasked,,2668.922422,,422.6966753,
2018-07-22T19:46:00Z,phis-egi-demo:id/scientific-object/so-sp004019,82-5-PS_Tray_422-RGB2-FishEyeCorrected,,82-5-PS_Tray_422-RGB2-FishEyeMasked,,3256.414615,,563.5139989,
2018-07-22T19:46:00Z,phis-egi-demo:id/scientific-object/so-sp004020,82-5-PS_Tray_422-RGB2-FishEyeCorrected,,82-5-PS_Tray_422-RGB2-FishEyeMasked,,1844.033058,,386.893407,
2018-07-22T19:46:00Z,phis-egi-demo:id/scientific-object/so-sp004021,82-5-PS_Tray_422-RGB2-FishEyeCorrected,,82-5-PS_Tray_422-RGB2-FishEyeMasked,,2263.103089,,438.1009409,
2018-07-22T19:46:00Z,phis-egi-demo:id/scientific-object/so-sp004022,82-5-PS_Tray_422-RGB2-FishEyeCorrected,,82-5-PS_Tray_422-RGB2-FishEyeMasked,,2556.536879,,372.3764913,
2018-07-22T19:46:00Z,phis-egi-demo:id/scientific-object/so-sp004023,82-5-PS_Tray_422-RGB2-FishEyeCorrected,,82-5-PS_Tray_422-RGB2-FishEyeMasked,,1109.533972,,270.3941715,
2018-07-22T19:46:00Z,phis-egi-demo:id/scientific-object/so-sp004024,82-5-PS_Tray_422-RGB2-FishEyeCorrected,,82-5-PS_Tray_422-RGB2-FishEyeMasked,,1469.221248,,350.7877819,
2018-07-22T19:50:00Z,phis-egi-demo:id/scientific-object/so-sp004025,82-5-PS_Tray_423-RGB2-FishEyeCorrected,,82-5-PS_Tray_423-RGB2-FishEyeMasked,,4629.04408,,478.8783425,
2018-07-22T19:50:00Z,phis-egi-demo:id/scientific-object/so-sp004026,82-5-PS_Tray_423-RGB2-FishEyeCorrected,,82-5-PS_Tray_423-RGB2-FishEyeMasked,,2702.785315,,448.663598,
2018-07-22T19:50:00Z,phis-egi-demo:id/scientific-object/so-sp004027,82-5-PS_Tray_423-RGB2-FishEyeCorrected,,82-5-PS_Tray_423-RGB2-FishEyeMasked,,2599.367415,,506.1638542,
2018-07-22T19:50:00Z,phis-egi-demo:id/scientific-object/so-sp004028,82-5-PS_Tray_423-RGB2-FishEyeCorrected,,82-5-PS_Tray_423-RGB2-FishEyeMasked,,1673.023218,,356.4260483,
2018-07-22T19:50:00Z,phis-egi-demo:id/scientific-object/so-sp004029,82-5-PS_Tray_423-RGB2-FishEyeCorrected,,82-5-PS_Tray_423-RGB2-FishEyeMasked,,1912.784992,,378.2870921,
2018-07-22T19:50:00Z,phis-egi-demo:id/scientific-object/so-sp004030,82-5-PS_Tray_423-RGB2-FishEyeCorrected,,82-5-PS_Tray_423-RGB2-FishEyeMasked,,3532.493115,,576.910046,
2018-07-22T19:55:00Z,phis-egi-demo:id/scientific-object/so-sp004031,82-5-PS_Tray_424-RGB2-FishEyeCorrected,,82-5-PS_Tray_424-RGB2-FishEyeMasked,,4512.643174,,628.048742,
2018-07-22T19:55:00Z,phis-egi-demo:id/scientific-object/so-sp004032,82-5-PS_Tray_424-RGB2-FishEyeCorrected,,82-5-PS_Tray_424-RGB2-FishEyeMasked,,2388.828559,,415.3437539,
2018-07-22T19:55:00Z,phis-egi-demo:id/scientific-object/so-sp004033,82-5-PS_Tray_424-RGB2-FishEyeCorrected,,82-5-PS_Tray_424-RGB2-FishEyeMasked,,1984.079989,,361.8241362,
2018-07-22T19:55:00Z,phis-egi-demo:id/scientific-object/so-sp004034,82-5-PS_Tray_424-RGB2-FishEyeCorrected,,82-5-PS_Tray_424-RGB2-FishEyeMasked,,2209.386457,,303.3200832,
2018-07-22T19:55:00Z,phis-egi-demo:id/scientific-object/so-sp004035,82-5-PS_Tray_424-RGB2-FishEyeCorrected,,82-5-PS_Tray_424-RGB2-FishEyeMasked,,2156.874435,,356.0284737,
2018-07-22T19:55:00Z,phis-egi-demo:id/scientific-object/so-sp004036,82-5-PS_Tray_424-RGB2-FishEyeCorrected,,82-5-PS_Tray_424-RGB2-FishEyeMasked,,2481.404979,,461.9629184,
2018-07-22T19:59:00Z,phis-egi-demo:id/scientific-object/so-sp004037,82-5-PS_Tray_425-RGB2-FishEyeCorrected,,82-5-PS_Tray_425-RGB2-FishEyeMasked,,1555.328473,,308.0943624,
2018-07-22T19:59:00Z,phis-egi-demo:id/scientific-object/so-sp004038,82-5-PS_Tray_425-RGB2-FishEyeCorrected,,82-5-PS_Tray_425-RGB2-FishEyeMasked,,1412.069251,,290.6715764,
2018-07-22T19:59:00Z,phis-egi-demo:id/scientific-object/so-sp004039,82-5-PS_Tray_425-RGB2-FishEyeCorrected,,82-5-PS_Tray_425-RGB2-FishEyeMasked,,1687.746215,,351.0792117,
2018-07-22T19:59:00Z,phis-egi-demo:id/scientific-object/so-sp004040,82-5-PS_Tray_425-RGB2-FishEyeCorrected,,82-5-PS_Tray_425-RGB2-FishEyeMasked,,1329.709698,,278.9792574,
2018-07-22T20:03:00Z,phis-egi-demo:id/scientific-object/so-sp004043,82-5-PS_Tray_426-RGB2-FishEyeCorrected,,82-5-PS_Tray_426-RGB2-FishEyeMasked,,860.0014813,,301.3227918,
2018-07-22T20:03:00Z,phis-egi-demo:id/scientific-object/so-sp004044,82-5-PS_Tray_426-RGB2-FishEyeCorrected,,82-5-PS_Tray_426-RGB2-FishEyeMasked,,609.8443789,,305.6160891,
2018-07-22T20:03:00Z,phis-egi-demo:id/scientific-object/so-sp004045,82-5-PS_Tray_426-RGB2-FishEyeCorrected,,82-5-PS_Tray_426-RGB2-FishEyeMasked,,611.6735997,,296.6546575,
2018-07-22T20:03:00Z,phis-egi-demo:id/scientific-object/so-sp004046,82-5-PS_Tray_426-RGB2-FishEyeCorrected,,82-5-PS_Tray_426-RGB2-FishEyeMasked,,1001.342252,,342.6888289,
2018-07-22T20:03:00Z,phis-egi-demo:id/scientific-object/so-sp004047,82-5-PS_Tray_426-RGB2-FishEyeCorrected,,82-5-PS_Tray_426-RGB2-FishEyeMasked,,784.0665092,,336.3184752,
2018-07-22T20:03:00Z,phis-egi-demo:id/scientific-object/so-sp004048,82-5-PS_Tray_426-RGB2-FishEyeCorrected,,82-5-PS_Tray_426-RGB2-FishEyeMasked,,383.1102262,,192.8112134,
2018-07-22T20:03:00Z,phis-egi-demo:id/scientific-object/so-sp004049,82-5-PS_Tray_426-RGB2-FishEyeCorrected,,82-5-PS_Tray_426-RGB2-FishEyeMasked,,635.2750099,,229.3641557,
2018-07-22T20:03:00Z,phis-egi-demo:id/scientific-object/so-sp004050,82-5-PS_Tray_426-RGB2-FishEyeCorrected,,82-5-PS_Tray_426-RGB2-FishEyeMasked,,452.9775389,,212.3125644,
2018-07-22T20:03:00Z,phis-egi-demo:id/scientific-object/so-sp004051,82-5-PS_Tray_426-RGB2-FishEyeCorrected,,82-5-PS_Tray_426-RGB2-FishEyeMasked,,409.7454661,,150.7064293,
2018-07-22T20:03:00Z,phis-egi-demo:id/scientific-object/so-sp004052,82-5-PS_Tray_426-RGB2-FishEyeCorrected,,82-5-PS_Tray_426-RGB2-FishEyeMasked,,831.8047114,,316.4459295,
2018-07-22T20:07:00Z,phis-egi-demo:id/scientific-object/so-sp004053,82-5-PS_Tray_427-RGB2-FishEyeCorrected,,82-5-PS_Tray_427-RGB2-FishEyeMasked,,178.1482628,,93.39723388,
2018-07-22T20:07:00Z,phis-egi-demo:id/scientific-object/so-sp004054,82-5-PS_Tray_427-RGB2-FishEyeCorrected,,82-5-PS_Tray_427-RGB2-FishEyeMasked,,101.5886788,,40.88869756,
2018-07-22T20:07:00Z,phis-egi-demo:id/scientific-object/so-sp004055,82-5-PS_Tray_427-RGB2-FishEyeCorrected,,82-5-PS_Tray_427-RGB2-FishEyeMasked,,15.92760577,,15.17438907,
2018-07-22T20:07:00Z,phis-egi-demo:id/scientific-object/so-sp004056,82-5-PS_Tray_427-RGB2-FishEyeCorrected,,82-5-PS_Tray_427-RGB2-FishEyeMasked,,115.3301426,,67.90036617,
2018-07-22T20:07:00Z,phis-egi-demo:id/scientific-object/so-sp004057,82-5-PS_Tray_427-RGB2-FishEyeCorrected,,82-5-PS_Tray_427-RGB2-FishEyeMasked,,NA,,NA,
2018-07-22T20:07:00Z,phis-egi-demo:id/scientific-object/so-sp004058,82-5-PS_Tray_427-RGB2-FishEyeCorrected,,82-5-PS_Tray_427-RGB2-FishEyeMasked,,45.41821477,,31.93605931,
2018-07-22T20:07:00Z,phis-egi-demo:id/scientific-object/so-sp004059,82-5-PS_Tray_427-RGB2-FishEyeCorrected,,82-5-PS_Tray_427-RGB2-FishEyeMasked,,22.57526196,,20.22251133,
2018-07-22T20:07:00Z,phis-egi-demo:id/scientific-object/so-sp004060,82-5-PS_Tray_427-RGB2-FishEyeCorrected,,82-5-PS_Tray_427-RGB2-FishEyeMasked,,172.4375246,,76.81054647,
2018-07-22T20:07:00Z,phis-egi-demo:id/scientific-object/so-sp004061,82-5-PS_Tray_427-RGB2-FishEyeCorrected,,82-5-PS_Tray_427-RGB2-FishEyeMasked,,NA,,NA,
2018-07-22T20:07:00Z,phis-egi-demo:id/scientific-object/so-sp004062,82-5-PS_Tray_427-RGB2-FishEyeCorrected,,82-5-PS_Tray_427-RGB2-FishEyeMasked,,NA,,NA,
2018-07-24T19:34:00Z,phis-egi-demo:id/scientific-object/so-sp004019,82-6-PS_Tray_422-RGB2-FishEyeCorrected,,82-6-PS_Tray_422-RGB2-FishEyeMasked,,5943.58463,,706.0314083,
2018-07-24T19:34:00Z,phis-egi-demo:id/scientific-object/so-sp004020,82-6-PS_Tray_422-RGB2-FishEyeCorrected,,82-6-PS_Tray_422-RGB2-FishEyeMasked,,3078.221737,,529.9730718,
2018-07-24T19:34:00Z,phis-egi-demo:id/scientific-object/so-sp004021,82-6-PS_Tray_422-RGB2-FishEyeCorrected,,82-6-PS_Tray_422-RGB2-FishEyeMasked,,3708.009084,,517.6460171,
2018-07-24T19:34:00Z,phis-egi-demo:id/scientific-object/so-sp004022,82-6-PS_Tray_422-RGB2-FishEyeCorrected,,82-6-PS_Tray_422-RGB2-FishEyeMasked,,3946.65548,,448.5383577,
2018-07-24T19:34:00Z,phis-egi-demo:id/scientific-object/so-sp004023,82-6-PS_Tray_422-RGB2-FishEyeCorrected,,82-6-PS_Tray_422-RGB2-FishEyeMasked,,1804.102506,,378.7344093,
2018-07-24T19:34:00Z,phis-egi-demo:id/scientific-object/so-sp004024,82-6-PS_Tray_422-RGB2-FishEyeCorrected,,82-6-PS_Tray_422-RGB2-FishEyeMasked,,2705.551454,,346.4022841,
2018-07-24T19:38:00Z,phis-egi-demo:id/scientific-object/so-sp004025,82-6-PS_Tray_423-RGB2-FishEyeCorrected,,82-6-PS_Tray_423-RGB2-FishEyeMasked,,6925.162374,,685.412831,
2018-07-24T19:38:00Z,phis-egi-demo:id/scientific-object/so-sp004026,82-6-PS_Tray_423-RGB2-FishEyeCorrected,,82-6-PS_Tray_423-RGB2-FishEyeMasked,,3995.375215,,550.8033139,
2018-07-24T19:38:00Z,phis-egi-demo:id/scientific-object/so-sp004027,82-6-PS_Tray_423-RGB2-FishEyeCorrected,,82-6-PS_Tray_423-RGB2-FishEyeMasked,,4491.629442,,616.002815,
2018-07-24T19:38:00Z,phis-egi-demo:id/scientific-object/so-sp004028,82-6-PS_Tray_423-RGB2-FishEyeCorrected,,82-6-PS_Tray_423-RGB2-FishEyeMasked,,2838.906114,,404.0226296,
2018-07-24T19:38:00Z,phis-egi-demo:id/scientific-object/so-sp004029,82-6-PS_Tray_423-RGB2-FishEyeCorrected,,82-6-PS_Tray_423-RGB2-FishEyeMasked,,3167.808942,,512.6843194,
2018-07-24T19:38:00Z,phis-egi-demo:id/scientific-object/so-sp004030,82-6-PS_Tray_423-RGB2-FishEyeCorrected,,82-6-PS_Tray_423-RGB2-FishEyeMasked,,5711.362815,,546.4302517,
2018-07-24T19:42:00Z,phis-egi-demo:id/scientific-object/so-sp004031,82-6-PS_Tray_424-RGB2-FishEyeCorrected,,82-6-PS_Tray_424-RGB2-FishEyeMasked,,6950.191469,,793.1395621,
2018-07-24T19:42:00Z,phis-egi-demo:id/scientific-object/so-sp004032,82-6-PS_Tray_424-RGB2-FishEyeCorrected,,82-6-PS_Tray_424-RGB2-FishEyeMasked,,3609.811156,,610.4582578,
2018-07-24T19:42:00Z,phis-egi-demo:id/scientific-object/so-sp004033,82-6-PS_Tray_424-RGB2-FishEyeCorrected,,82-6-PS_Tray_424-RGB2-FishEyeMasked,,3054.486481,,488.9833804,
2018-07-24T19:42:00Z,phis-egi-demo:id/scientific-object/so-sp004034,82-6-PS_Tray_424-RGB2-FishEyeCorrected,,82-6-PS_Tray_424-RGB2-FishEyeMasked,,3145.635217,,422.1241179,
2018-07-24T19:42:00Z,phis-egi-demo:id/scientific-object/so-sp004035,82-6-PS_Tray_424-RGB2-FishEyeCorrected,,82-6-PS_Tray_424-RGB2-FishEyeMasked,,2962.490058,,525.4638424,
2018-07-24T19:42:00Z,phis-egi-demo:id/scientific-object/so-sp004036,82-6-PS_Tray_424-RGB2-FishEyeCorrected,,82-6-PS_Tray_424-RGB2-FishEyeMasked,,3991.136777,,446.1786649,
2018-07-24T19:46:00Z,phis-egi-demo:id/scientific-object/so-sp004037,82-6-PS_Tray_425-RGB2-FishEyeCorrected,,82-6-PS_Tray_425-RGB2-FishEyeMasked,,2153.305224,,482.7404006,
2018-07-24T19:46:00Z,phis-egi-demo:id/scientific-object/so-sp004038,82-6-PS_Tray_425-RGB2-FishEyeCorrected,,82-6-PS_Tray_425-RGB2-FishEyeMasked,,2028.962822,,387.1020544,
2018-07-24T19:46:00Z,phis-egi-demo:id/scientific-object/so-sp004039,82-6-PS_Tray_425-RGB2-FishEyeCorrected,,82-6-PS_Tray_425-RGB2-FishEyeMasked,,2431.302175,,463.4440547,
2018-07-24T19:46:00Z,phis-egi-demo:id/scientific-object/so-sp004040,82-6-PS_Tray_425-RGB2-FishEyeCorrected,,82-6-PS_Tray_425-RGB2-FishEyeMasked,,2244.320114,,269.130476,
2018-07-24T19:50:00Z,phis-egi-demo:id/scientific-object/so-sp004043,82-6-PS_Tray_426-RGB2-FishEyeCorrected,,82-6-PS_Tray_426-RGB2-FishEyeMasked,,1123.900047,,426.8735257,
2018-07-24T19:50:00Z,phis-egi-demo:id/scientific-object/so-sp004044,82-6-PS_Tray_426-RGB2-FishEyeCorrected,,82-6-PS_Tray_426-RGB2-FishEyeMasked,,835.3293076,,312.2815148,
2018-07-24T19:50:00Z,phis-egi-demo:id/scientific-object/so-sp004045,82-6-PS_Tray_426-RGB2-FishEyeCorrected,,82-6-PS_Tray_426-RGB2-FishEyeMasked,,777.731159,,310.30181,
2018-07-24T19:50:00Z,phis-egi-demo:id/scientific-object/so-sp004046,82-6-PS_Tray_426-RGB2-FishEyeCorrected,,82-6-PS_Tray_426-RGB2-FishEyeMasked,,1202.958079,,426.6985429,
2018-07-24T19:50:00Z,phis-egi-demo:id/scientific-object/so-sp004047,82-6-PS_Tray_426-RGB2-FishEyeCorrected,,82-6-PS_Tray_426-RGB2-FishEyeMasked,,1078.481833,,449.6006904,
2018-07-24T19:50:00Z,phis-egi-demo:id/scientific-object/so-sp004048,82-6-PS_Tray_426-RGB2-FishEyeCorrected,,82-6-PS_Tray_426-RGB2-FishEyeMasked,,565.5415427,,238.4617545,
2018-07-24T19:50:00Z,phis-egi-demo:id/scientific-object/so-sp004049,82-6-PS_Tray_426-RGB2-FishEyeCorrected,,82-6-PS_Tray_426-RGB2-FishEyeMasked,,755.2005122,,344.1275072,
2018-07-24T19:50:00Z,phis-egi-demo:id/scientific-object/so-sp004050,82-6-PS_Tray_426-RGB2-FishEyeCorrected,,82-6-PS_Tray_426-RGB2-FishEyeMasked,,637.1934611,,276.7396539,
2018-07-24T19:50:00Z,phis-egi-demo:id/scientific-object/so-sp004051,82-6-PS_Tray_426-RGB2-FishEyeCorrected,,82-6-PS_Tray_426-RGB2-FishEyeMasked,,478.2297094,,198.4992224,
2018-07-24T19:50:00Z,phis-egi-demo:id/scientific-object/so-sp004052,82-6-PS_Tray_426-RGB2-FishEyeCorrected,,82-6-PS_Tray_426-RGB2-FishEyeMasked,,1286.745316,,397.3872261,
2018-07-24T19:55:00Z,phis-egi-demo:id/scientific-object/so-sp004053,82-6-PS_Tray_427-RGB2-FishEyeCorrected,,82-6-PS_Tray_427-RGB2-FishEyeMasked,,199.831222,,101.1550146,
2018-07-24T19:55:00Z,phis-egi-demo:id/scientific-object/so-sp004054,82-6-PS_Tray_427-RGB2-FishEyeCorrected,,82-6-PS_Tray_427-RGB2-FishEyeMasked,,155.0822343,,83.69341299,
2018-07-24T19:55:00Z,phis-egi-demo:id/scientific-object/so-sp004055,82-6-PS_Tray_427-RGB2-FishEyeCorrected,,82-6-PS_Tray_427-RGB2-FishEyeMasked,,25.83216734,,33.90332847,
2018-07-24T19:55:00Z,phis-egi-demo:id/scientific-object/so-sp004056,82-6-PS_Tray_427-RGB2-FishEyeCorrected,,82-6-PS_Tray_427-RGB2-FishEyeMasked,,141.8315371,,93.2947313,
2018-07-24T19:55:00Z,phis-egi-demo:id/scientific-object/so-sp004057,82-6-PS_Tray_427-RGB2-FishEyeCorrected,,82-6-PS_Tray_427-RGB2-FishEyeMasked,,NA,,NA,
2018-07-24T19:55:00Z,phis-egi-demo:id/scientific-object/so-sp004058,82-6-PS_Tray_427-RGB2-FishEyeCorrected,,82-6-PS_Tray_427-RGB2-FishEyeMasked,,50.81664698,,30.74120177,
2018-07-24T19:55:00Z,phis-egi-demo:id/scientific-object/so-sp004059,82-6-PS_Tray_427-RGB2-FishEyeCorrected,,82-6-PS_Tray_427-RGB2-FishEyeMasked,,28.46446073,,23.47834726,
2018-07-24T19:55:00Z,phis-egi-demo:id/scientific-object/so-sp004060,82-6-PS_Tray_427-RGB2-FishEyeCorrected,,82-6-PS_Tray_427-RGB2-FishEyeMasked,,189.3020484,,80.37389012,
2018-07-24T19:55:00Z,phis-egi-demo:id/scientific-object/so-sp004061,82-6-PS_Tray_427-RGB2-FishEyeCorrected,,82-6-PS_Tray_427-RGB2-FishEyeMasked,,NA,,NA,
2018-07-24T19:55:00Z,phis-egi-demo:id/scientific-object/so-sp004062,82-6-PS_Tray_427-RGB2-FishEyeCorrected,,82-6-PS_Tray_427-RGB2-FishEyeMasked,,NA,,NA,
2018-07-24T19:59:00Z,phis-egi-demo:id/scientific-object/so-sp004001,82-6-PS_Tray_419-RGB2-FishEyeCorrected,,82-6-PS_Tray_419-RGB2-FishEyeMasked,,4337.305665,,560.9192787,
2018-07-24T19:59:00Z,phis-egi-demo:id/scientific-object/so-sp004002,82-6-PS_Tray_419-RGB2-FishEyeCorrected,,82-6-PS_Tray_419-RGB2-FishEyeMasked,,2504.024857,,392.7724768,
2018-07-24T19:59:00Z,phis-egi-demo:id/scientific-object/so-sp004003,82-6-PS_Tray_419-RGB2-FishEyeCorrected,,82-6-PS_Tray_419-RGB2-FishEyeMasked,,7702.179691,,916.0867825,
2018-07-24T19:59:00Z,phis-egi-demo:id/scientific-object/so-sp004004,82-6-PS_Tray_419-RGB2-FishEyeCorrected,,82-6-PS_Tray_419-RGB2-FishEyeMasked,,5692.089074,,661.9608638,
2018-07-24T19:59:00Z,phis-egi-demo:id/scientific-object/so-sp004005,82-6-PS_Tray_419-RGB2-FishEyeCorrected,,82-6-PS_Tray_419-RGB2-FishEyeMasked,,5987.48593,,691.7759001,
2018-07-24T19:59:00Z,phis-egi-demo:id/scientific-object/so-sp004006,82-6-PS_Tray_419-RGB2-FishEyeCorrected,,82-6-PS_Tray_419-RGB2-FishEyeMasked,,3527.094683,,532.5553564,
2018-07-24T20:03:00Z,phis-egi-demo:id/scientific-object/so-sp004007,82-6-PS_Tray_420-RGB2-FishEyeCorrected,,82-6-PS_Tray_420-RGB2-FishEyeMasked,,3190.964201,,451.6104175,
2018-07-24T20:03:00Z,phis-egi-demo:id/scientific-object/so-sp004008,82-6-PS_Tray_420-RGB2-FishEyeCorrected,,82-6-PS_Tray_420-RGB2-FishEyeMasked,,4558.016774,,673.9958638,
2018-07-24T20:03:00Z,phis-egi-demo:id/scientific-object/so-sp004009,82-6-PS_Tray_420-RGB2-FishEyeCorrected,,82-6-PS_Tray_420-RGB2-FishEyeMasked,,6684.062145,,765.4864981,
2018-07-24T20:03:00Z,phis-egi-demo:id/scientific-object/so-sp004010,82-6-PS_Tray_420-RGB2-FishEyeCorrected,,82-6-PS_Tray_420-RGB2-FishEyeMasked,,2408.057686,,473.1090599,
2018-07-24T20:03:00Z,phis-egi-demo:id/scientific-object/so-sp004011,82-6-PS_Tray_420-RGB2-FishEyeCorrected,,82-6-PS_Tray_420-RGB2-FishEyeMasked,,3649.786324,,649.9573947,
2018-07-24T20:03:00Z,phis-egi-demo:id/scientific-object/so-sp004012,82-6-PS_Tray_420-RGB2-FishEyeCorrected,,82-6-PS_Tray_420-RGB2-FishEyeMasked,,2889.767376,,515.1889727,
2018-07-24T20:07:00Z,phis-egi-demo:id/scientific-object/so-sp004013,82-6-PS_Tray_421-RGB2-FishEyeCorrected,,82-6-PS_Tray_421-RGB2-FishEyeMasked,,4897.181085,,665.6567323,
2018-07-24T20:07:00Z,phis-egi-demo:id/scientific-object/so-sp004014,82-6-PS_Tray_421-RGB2-FishEyeCorrected,,82-6-PS_Tray_421-RGB2-FishEyeMasked,,2467.618901,,511.736925,
2018-07-24T20:07:00Z,phis-egi-demo:id/scientific-object/so-sp004015,82-6-PS_Tray_421-RGB2-FishEyeCorrected,,82-6-PS_Tray_421-RGB2-FishEyeMasked,,1706.752265,,378.039629,
2018-07-24T20:07:00Z,phis-egi-demo:id/scientific-object/so-sp004016,82-6-PS_Tray_421-RGB2-FishEyeCorrected,,82-6-PS_Tray_421-RGB2-FishEyeMasked,,1479.438116,,309.0417568,
2018-07-24T20:07:00Z,phis-egi-demo:id/scientific-object/so-sp004017,82-6-PS_Tray_421-RGB2-FishEyeCorrected,,82-6-PS_Tray_421-RGB2-FishEyeMasked,,2992.739124,,503.7829325,
2018-07-24T20:07:00Z,phis-egi-demo:id/scientific-object/so-sp004018,82-6-PS_Tray_421-RGB2-FishEyeCorrected,,82-6-PS_Tray_421-RGB2-FishEyeMasked,,3929.166344,,635.150558,
2018-07-26T19:34:00Z,phis-egi-demo:id/scientific-object/so-sp004037,82-7-PS_Tray_425-RGB2-FishEyeCorrected,,82-7-PS_Tray_425-RGB2-FishEyeMasked,,3052.211109,,369.6456039,
2018-07-26T19:34:00Z,phis-egi-demo:id/scientific-object/so-sp004038,82-7-PS_Tray_425-RGB2-FishEyeCorrected,,82-7-PS_Tray_425-RGB2-FishEyeMasked,,2812.538565,,518.094843,
2018-07-26T19:34:00Z,phis-egi-demo:id/scientific-object/so-sp004039,82-7-PS_Tray_425-RGB2-FishEyeCorrected,,82-7-PS_Tray_425-RGB2-FishEyeMasked,,3819.056173,,470.3994015,
2018-07-26T19:34:00Z,phis-egi-demo:id/scientific-object/so-sp004040,82-7-PS_Tray_425-RGB2-FishEyeCorrected,,82-7-PS_Tray_425-RGB2-FishEyeMasked,,3125.870709,,339.3868926,
2018-07-26T19:38:00Z,phis-egi-demo:id/scientific-object/so-sp004043,82-7-PS_Tray_426-RGB2-FishEyeCorrected,,82-7-PS_Tray_426-RGB2-FishEyeMasked,,1542.925463,,503.0478278,
2018-07-26T19:38:00Z,phis-egi-demo:id/scientific-object/so-sp004044,82-7-PS_Tray_426-RGB2-FishEyeCorrected,,82-7-PS_Tray_426-RGB2-FishEyeMasked,,1080.177208,,432.8478135,
2018-07-26T19:38:00Z,phis-egi-demo:id/scientific-object/so-sp004045,82-7-PS_Tray_426-RGB2-FishEyeCorrected,,82-7-PS_Tray_426-RGB2-FishEyeMasked,,1105.920145,,436.163694,
2018-07-26T19:38:00Z,phis-egi-demo:id/scientific-object/so-sp004046,82-7-PS_Tray_426-RGB2-FishEyeCorrected,,82-7-PS_Tray_426-RGB2-FishEyeMasked,,1610.695864,,487.6384113,
2018-07-26T19:38:00Z,phis-egi-demo:id/scientific-object/so-sp004047,82-7-PS_Tray_426-RGB2-FishEyeCorrected,,82-7-PS_Tray_426-RGB2-FishEyeMasked,,1473.727378,,489.7770209,
2018-07-26T19:38:00Z,phis-egi-demo:id/scientific-object/so-sp004048,82-7-PS_Tray_426-RGB2-FishEyeCorrected,,82-7-PS_Tray_426-RGB2-FishEyeMasked,,801.9571812,,342.5702483,
2018-07-26T19:38:00Z,phis-egi-demo:id/scientific-object/so-sp004049,82-7-PS_Tray_426-RGB2-FishEyeCorrected,,82-7-PS_Tray_426-RGB2-FishEyeMasked,,1127.156953,,378.8244762,
2018-07-26T19:38:00Z,phis-egi-demo:id/scientific-object/so-sp004050,82-7-PS_Tray_426-RGB2-FishEyeCorrected,,82-7-PS_Tray_426-RGB2-FishEyeMasked,,965.1147563,,380.9967505,
2018-07-26T19:38:00Z,phis-egi-demo:id/scientific-object/so-sp004051,82-7-PS_Tray_426-RGB2-FishEyeCorrected,,82-7-PS_Tray_426-RGB2-FishEyeMasked,,722.9883795,,250.4703746,
2018-07-26T19:38:00Z,phis-egi-demo:id/scientific-object/so-sp004052,82-7-PS_Tray_426-RGB2-FishEyeCorrected,,82-7-PS_Tray_426-RGB2-FishEyeMasked,,1947.941724,,553.3804475,
2018-07-26T19:42:00Z,phis-egi-demo:id/scientific-object/so-sp004053,82-7-PS_Tray_427-RGB2-FishEyeCorrected,,82-7-PS_Tray_427-RGB2-FishEyeMasked,,227.6264556,,107.4704746,
2018-07-26T19:42:00Z,phis-egi-demo:id/scientific-object/so-sp004054,82-7-PS_Tray_427-RGB2-FishEyeCorrected,,82-7-PS_Tray_427-RGB2-FishEyeMasked,,243.3309856,,120.1101881,
2018-07-26T19:42:00Z,phis-egi-demo:id/scientific-object/so-sp004055,82-7-PS_Tray_427-RGB2-FishEyeCorrected,,82-7-PS_Tray_427-RGB2-FishEyeMasked,,31.23059955,,38.70398762,
2018-07-26T19:42:00Z,phis-egi-demo:id/scientific-object/so-sp004056,82-7-PS_Tray_427-RGB2-FishEyeCorrected,,82-7-PS_Tray_427-RGB2-FishEyeMasked,,163.6037265,,87.0517515,
2018-07-26T19:42:00Z,phis-egi-demo:id/scientific-object/so-sp004057,82-7-PS_Tray_427-RGB2-FishEyeCorrected,,82-7-PS_Tray_427-RGB2-FishEyeMasked,,NA,,NA,
2018-07-26T19:42:00Z,phis-egi-demo:id/scientific-object/so-sp004058,82-7-PS_Tray_427-RGB2-FishEyeCorrected,,82-7-PS_Tray_427-RGB2-FishEyeMasked,,78.47803515,,35.54186092,
2018-07-26T19:42:00Z,phis-egi-demo:id/scientific-object/so-sp004059,82-7-PS_Tray_427-RGB2-FishEyeCorrected,,82-7-PS_Tray_427-RGB2-FishEyeMasked,,29.31214843,,24.32323914,
2018-07-26T19:42:00Z,phis-egi-demo:id/scientific-object/so-sp004060,82-7-PS_Tray_427-RGB2-FishEyeCorrected,,82-7-PS_Tray_427-RGB2-FishEyeMasked,,265.1477902,,137.580583,
2018-07-26T19:42:00Z,phis-egi-demo:id/scientific-object/so-sp004061,82-7-PS_Tray_427-RGB2-FishEyeCorrected,,82-7-PS_Tray_427-RGB2-FishEyeMasked,,NA,,NA,
2018-07-26T19:42:00Z,phis-egi-demo:id/scientific-object/so-sp004062,82-7-PS_Tray_427-RGB2-FishEyeCorrected,,82-7-PS_Tray_427-RGB2-FishEyeMasked,,NA,,NA,
2018-07-26T19:46:00Z,phis-egi-demo:id/scientific-object/so-sp004001,82-7-PS_Tray_419-RGB2-FishEyeCorrected,,82-7-PS_Tray_419-RGB2-FishEyeMasked,,6887.8195,,729.2301365,
2018-07-26T19:46:00Z,phis-egi-demo:id/scientific-object/so-sp004002,82-7-PS_Tray_419-RGB2-FishEyeCorrected,,82-7-PS_Tray_419-RGB2-FishEyeMasked,,4380.537738,,535.5798072,
2018-07-26T19:46:00Z,phis-egi-demo:id/scientific-object/so-sp004003,82-7-PS_Tray_419-RGB2-FishEyeCorrected,,82-7-PS_Tray_419-RGB2-FishEyeMasked,,12097.84196,,1025.741967,
2018-07-26T19:46:00Z,phis-egi-demo:id/scientific-object/so-sp004004,82-7-PS_Tray_419-RGB2-FishEyeCorrected,,82-7-PS_Tray_419-RGB2-FishEyeMasked,,8674.655945,,817.8054823,
2018-07-26T19:46:00Z,phis-egi-demo:id/scientific-object/so-sp004005,82-7-PS_Tray_419-RGB2-FishEyeCorrected,,82-7-PS_Tray_419-RGB2-FishEyeMasked,,9335.896968,,924.3819474,
2018-07-26T19:46:00Z,phis-egi-demo:id/scientific-object/so-sp004006,82-7-PS_Tray_419-RGB2-FishEyeCorrected,,82-7-PS_Tray_419-RGB2-FishEyeMasked,,5909.721737,,749.7886692,
2018-07-26T19:50:00Z,phis-egi-demo:id/scientific-object/so-sp004007,82-7-PS_Tray_420-RGB2-FishEyeCorrected,,82-7-PS_Tray_420-RGB2-FishEyeMasked,,5225.637762,,621.1834621,
2018-07-26T19:50:00Z,phis-egi-demo:id/scientific-object/so-sp004008,82-7-PS_Tray_420-RGB2-FishEyeCorrected,,82-7-PS_Tray_420-RGB2-FishEyeMasked,,8275.662729,,588.5262425,
2018-07-26T19:50:00Z,phis-egi-demo:id/scientific-object/so-sp004009,82-7-PS_Tray_420-RGB2-FishEyeCorrected,,82-7-PS_Tray_420-RGB2-FishEyeMasked,,10730.834,,987.5504924,
2018-07-26T19:50:00Z,phis-egi-demo:id/scientific-object/so-sp004010,82-7-PS_Tray_420-RGB2-FishEyeCorrected,,82-7-PS_Tray_420-RGB2-FishEyeMasked,,4128.59603,,699.5336808,
2018-07-26T19:50:00Z,phis-egi-demo:id/scientific-object/so-sp004011,82-7-PS_Tray_420-RGB2-FishEyeCorrected,,82-7-PS_Tray_420-RGB2-FishEyeMasked,,6545.085977,,779.5224319,
2018-07-26T19:50:00Z,phis-egi-demo:id/scientific-object/so-sp004012,82-7-PS_Tray_420-RGB2-FishEyeCorrected,,82-7-PS_Tray_420-RGB2-FishEyeMasked,,4908.111795,,739.9750611,
2018-07-26T19:55:00Z,phis-egi-demo:id/scientific-object/so-sp004013,82-7-PS_Tray_421-RGB2-FishEyeCorrected,,82-7-PS_Tray_421-RGB2-FishEyeMasked,,7604.115608,,925.544649,
2018-07-26T19:55:00Z,phis-egi-demo:id/scientific-object/so-sp004014,82-7-PS_Tray_421-RGB2-FishEyeCorrected,,82-7-PS_Tray_421-RGB2-FishEyeMasked,,4547.710676,,688.7038403,
2018-07-26T19:55:00Z,phis-egi-demo:id/scientific-object/so-sp004015,82-7-PS_Tray_421-RGB2-FishEyeCorrected,,82-7-PS_Tray_421-RGB2-FishEyeMasked,,3099.280084,,501.3544017,
2018-07-26T19:55:00Z,phis-egi-demo:id/scientific-object/so-sp004016,82-7-PS_Tray_421-RGB2-FishEyeCorrected,,82-7-PS_Tray_421-RGB2-FishEyeMasked,,2500.054109,,415.5135857,
2018-07-26T19:55:00Z,phis-egi-demo:id/scientific-object/so-sp004017,82-7-PS_Tray_421-RGB2-FishEyeCorrected,,82-7-PS_Tray_421-RGB2-FishEyeMasked,,5052.887931,,774.060657,
2018-07-26T19:55:00Z,phis-egi-demo:id/scientific-object/so-sp004018,82-7-PS_Tray_421-RGB2-FishEyeCorrected,,82-7-PS_Tray_421-RGB2-FishEyeMasked,,6842.624361,,541.6280839,
2018-07-26T19:59:00Z,phis-egi-demo:id/scientific-object/so-sp004019,82-7-PS_Tray_422-RGB2-FishEyeCorrected,,82-7-PS_Tray_422-RGB2-FishEyeMasked,,8671.48827,,688.7675272,
2018-07-26T19:59:00Z,phis-egi-demo:id/scientific-object/so-sp004020,82-7-PS_Tray_422-RGB2-FishEyeCorrected,,82-7-PS_Tray_422-RGB2-FishEyeMasked,,4554.135256,,742.5667639,
2018-07-26T19:59:00Z,phis-egi-demo:id/scientific-object/so-sp004021,82-7-PS_Tray_422-RGB2-FishEyeCorrected,,82-7-PS_Tray_422-RGB2-FishEyeMasked,,5330.884882,,757.1752553,
2018-07-26T19:59:00Z,phis-egi-demo:id/scientific-object/so-sp004022,82-7-PS_Tray_422-RGB2-FishEyeCorrected,,82-7-PS_Tray_422-RGB2-FishEyeMasked,,5614.681802,,743.9132417,
2018-07-26T19:59:00Z,phis-egi-demo:id/scientific-object/so-sp004023,82-7-PS_Tray_422-RGB2-FishEyeCorrected,,82-7-PS_Tray_422-RGB2-FishEyeMasked,,2814.457016,,568.3498314,
2018-07-26T19:59:00Z,phis-egi-demo:id/scientific-object/so-sp004024,82-7-PS_Tray_422-RGB2-FishEyeCorrected,,82-7-PS_Tray_422-RGB2-FishEyeMasked,,4291.173608,,614.4755784,
2018-07-26T20:03:00Z,phis-egi-demo:id/scientific-object/so-sp004025,82-7-PS_Tray_423-RGB2-FishEyeCorrected,,82-7-PS_Tray_423-RGB2-FishEyeMasked,,9759.785434,,1140.825262,
2018-07-26T20:03:00Z,phis-egi-demo:id/scientific-object/so-sp004026,82-7-PS_Tray_423-RGB2-FishEyeCorrected,,82-7-PS_Tray_423-RGB2-FishEyeMasked,,6090.769984,,720.4151742,
2018-07-26T20:03:00Z,phis-egi-demo:id/scientific-object/so-sp004027,82-7-PS_Tray_423-RGB2-FishEyeCorrected,,82-7-PS_Tray_423-RGB2-FishEyeMasked,,6984.277437,,937.7604078,
2018-07-26T20:03:00Z,phis-egi-demo:id/scientific-object/so-sp004028,82-7-PS_Tray_423-RGB2-FishEyeCorrected,,82-7-PS_Tray_423-RGB2-FishEyeMasked,,3571.620595,,601.1768829,
2018-07-26T20:03:00Z,phis-egi-demo:id/scientific-object/so-sp004029,82-7-PS_Tray_423-RGB2-FishEyeCorrected,,82-7-PS_Tray_423-RGB2-FishEyeMasked,,4194.938746,,752.2347866,
2018-07-26T20:03:00Z,phis-egi-demo:id/scientific-object/so-sp004030,82-7-PS_Tray_423-RGB2-FishEyeCorrected,,82-7-PS_Tray_423-RGB2-FishEyeMasked,,8041.522462,,977.8621245,
2018-07-26T20:07:00Z,phis-egi-demo:id/scientific-object/so-sp004031,82-7-PS_Tray_424-RGB2-FishEyeCorrected,,82-7-PS_Tray_424-RGB2-FishEyeMasked,,8780.036911,,944.3409177,
2018-07-26T20:07:00Z,phis-egi-demo:id/scientific-object/so-sp004032,82-7-PS_Tray_424-RGB2-FishEyeCorrected,,82-7-PS_Tray_424-RGB2-FishEyeMasked,,4770.161775,,624.5915432,
2018-07-26T20:07:00Z,phis-egi-demo:id/scientific-object/so-sp004033,82-7-PS_Tray_424-RGB2-FishEyeCorrected,,82-7-PS_Tray_424-RGB2-FishEyeMasked,,4097.454661,,620.2682236,
2018-07-26T20:07:00Z,phis-egi-demo:id/scientific-object/so-sp004034,82-7-PS_Tray_424-RGB2-FishEyeCorrected,,82-7-PS_Tray_424-RGB2-FishEyeMasked,,3967.446136,,589.7035134,
2018-07-26T20:07:00Z,phis-egi-demo:id/scientific-object/so-sp004035,82-7-PS_Tray_424-RGB2-FishEyeCorrected,,82-7-PS_Tray_424-RGB2-FishEyeMasked,,3662.412409,,576.0051096,
2018-07-26T20:07:00Z,phis-egi-demo:id/scientific-object/so-sp004036,82-7-PS_Tray_424-RGB2-FishEyeCorrected,,82-7-PS_Tray_424-RGB2-FishEyeMasked,,5299.654283,,435.9711245,
2018-07-28T19:34:00Z,phis-egi-demo:id/scientific-object/so-sp004037,82-8-PS_Tray_425-RGB2-FishEyeCorrected,,82-8-PS_Tray_425-RGB2-FishEyeMasked,,4293.002829,,457.1959239,
2018-07-28T19:34:00Z,phis-egi-demo:id/scientific-object/so-sp004038,82-8-PS_Tray_425-RGB2-FishEyeCorrected,,82-8-PS_Tray_425-RGB2-FishEyeMasked,,4480.431041,,588.2575504,
2018-07-28T19:34:00Z,phis-egi-demo:id/scientific-object/so-sp004039,82-8-PS_Tray_425-RGB2-FishEyeCorrected,,82-8-PS_Tray_425-RGB2-FishEyeMasked,,5638.104751,,643.7092639,
2018-07-28T19:34:00Z,phis-egi-demo:id/scientific-object/so-sp004040,82-8-PS_Tray_425-RGB2-FishEyeCorrected,,82-8-PS_Tray_425-RGB2-FishEyeMasked,,4470.571095,,411.9854154,
2018-07-28T19:38:00Z,phis-egi-demo:id/scientific-object/so-sp004043,82-8-PS_Tray_426-RGB2-FishEyeCorrected,,82-8-PS_Tray_426-RGB2-FishEyeMasked,,2169.143599,,644.310335,
2018-07-28T19:38:00Z,phis-egi-demo:id/scientific-object/so-sp004044,82-8-PS_Tray_426-RGB2-FishEyeCorrected,,82-8-PS_Tray_426-RGB2-FishEyeMasked,,1573.44222,,481.1355327,
2018-07-28T19:38:00Z,phis-egi-demo:id/scientific-object/so-sp004045,82-8-PS_Tray_426-RGB2-FishEyeCorrected,,82-8-PS_Tray_426-RGB2-FishEyeMasked,,1655.891003,,468.3984677,
2018-07-28T19:38:00Z,phis-egi-demo:id/scientific-object/so-sp004046,82-8-PS_Tray_426-RGB2-FishEyeCorrected,,82-8-PS_Tray_426-RGB2-FishEyeMasked,,1950.618633,,505.8511955,
2018-07-28T19:38:00Z,phis-egi-demo:id/scientific-object/so-sp004047,82-8-PS_Tray_426-RGB2-FishEyeCorrected,,82-8-PS_Tray_426-RGB2-FishEyeMasked,,2112.83929,,569.6860072,
2018-07-28T19:38:00Z,phis-egi-demo:id/scientific-object/so-sp004048,82-8-PS_Tray_426-RGB2-FishEyeCorrected,,82-8-PS_Tray_426-RGB2-FishEyeMasked,,1236.999433,,385.5411533,
2018-07-28T19:38:00Z,phis-egi-demo:id/scientific-object/so-sp004049,82-8-PS_Tray_426-RGB2-FishEyeCorrected,,82-8-PS_Tray_426-RGB2-FishEyeMasked,,1484.925778,,433.4152199,
2018-07-28T19:38:00Z,phis-egi-demo:id/scientific-object/so-sp004050,82-8-PS_Tray_426-RGB2-FishEyeCorrected,,82-8-PS_Tray_426-RGB2-FishEyeMasked,,1148.12607,,428.7258567,
2018-07-28T19:38:00Z,phis-egi-demo:id/scientific-object/so-sp004051,82-8-PS_Tray_426-RGB2-FishEyeCorrected,,82-8-PS_Tray_426-RGB2-FishEyeMasked,,1114.173946,,310.27543,
2018-07-28T19:38:00Z,phis-egi-demo:id/scientific-object/so-sp004052,82-8-PS_Tray_426-RGB2-FishEyeCorrected,,82-8-PS_Tray_426-RGB2-FishEyeMasked,,1034.669763,,323.5938458,
2018-07-28T19:42:00Z,phis-egi-demo:id/scientific-object/so-sp004053,82-8-PS_Tray_427-RGB2-FishEyeCorrected,,82-8-PS_Tray_427-RGB2-FishEyeMasked,,261.1324274,,119.0602911,
2018-07-28T19:42:00Z,phis-egi-demo:id/scientific-object/so-sp004054,82-8-PS_Tray_427-RGB2-FishEyeCorrected,,82-8-PS_Tray_427-RGB2-FishEyeMasked,,334.9704877,,182.8687228,
2018-07-28T19:42:00Z,phis-egi-demo:id/scientific-object/so-sp004055,82-8-PS_Tray_427-RGB2-FishEyeCorrected,,82-8-PS_Tray_427-RGB2-FishEyeMasked,,40.3767037,,46.33803678,
2018-07-28T19:42:00Z,phis-egi-demo:id/scientific-object/so-sp004056,82-8-PS_Tray_427-RGB2-FishEyeCorrected,,82-8-PS_Tray_427-RGB2-FishEyeMasked,,172.8836761,,101.8761749,
2018-07-28T19:42:00Z,phis-egi-demo:id/scientific-object/so-sp004057,82-8-PS_Tray_427-RGB2-FishEyeCorrected,,82-8-PS_Tray_427-RGB2-FishEyeMasked,,NA,,NA,
2018-07-28T19:42:00Z,phis-egi-demo:id/scientific-object/so-sp004058,82-8-PS_Tray_427-RGB2-FishEyeCorrected,,82-8-PS_Tray_427-RGB2-FishEyeMasked,,99.31330656,,43.45339549,
2018-07-28T19:42:00Z,phis-egi-demo:id/scientific-object/so-sp004059,82-8-PS_Tray_427-RGB2-FishEyeCorrected,,82-8-PS_Tray_427-RGB2-FishEyeMasked,,39.88593714,,30.71997279,
2018-07-28T19:42:00Z,phis-egi-demo:id/scientific-object/so-sp004060,82-8-PS_Tray_427-RGB2-FishEyeCorrected,,82-8-PS_Tray_427-RGB2-FishEyeMasked,,291.1584181,,133.6885027,
2018-07-28T19:42:00Z,phis-egi-demo:id/scientific-object/so-sp004061,82-8-PS_Tray_427-RGB2-FishEyeCorrected,,82-8-PS_Tray_427-RGB2-FishEyeMasked,,NA,,NA,
2018-07-28T19:42:00Z,phis-egi-demo:id/scientific-object/so-sp004062,82-8-PS_Tray_427-RGB2-FishEyeCorrected,,82-8-PS_Tray_427-RGB2-FishEyeMasked,,15.25837864,,16.01928094,
2018-07-28T19:46:00Z,phis-egi-demo:id/scientific-object/so-sp004001,82-8-PS_Tray_419-RGB2-FishEyeCorrected,,82-8-PS_Tray_419-RGB2-FishEyeMasked,,11574.10481,,791.3187622,
2018-07-28T19:46:00Z,phis-egi-demo:id/scientific-object/so-sp004002,82-8-PS_Tray_419-RGB2-FishEyeCorrected,,82-8-PS_Tray_419-RGB2-FishEyeMasked,,7250.094455,,782.6648383,
2018-07-28T19:46:00Z,phis-egi-demo:id/scientific-object/so-sp004003,82-8-PS_Tray_419-RGB2-FishEyeCorrected,,82-8-PS_Tray_419-RGB2-FishEyeMasked,,17056.81502,,1106.925576,
2018-07-28T19:46:00Z,phis-egi-demo:id/scientific-object/so-sp004004,82-8-PS_Tray_419-RGB2-FishEyeCorrected,,82-8-PS_Tray_419-RGB2-FishEyeMasked,,13082.27507,,1201.289299,
2018-07-28T19:46:00Z,phis-egi-demo:id/scientific-object/so-sp004005,82-8-PS_Tray_419-RGB2-FishEyeCorrected,,82-8-PS_Tray_419-RGB2-FishEyeMasked,,13214.6482,,841.0985447,
2018-07-28T19:46:00Z,phis-egi-demo:id/scientific-object/so-sp004006,82-8-PS_Tray_419-RGB2-FishEyeCorrected,,82-8-PS_Tray_419-RGB2-FishEyeMasked,,9541.260468,,960.0863555,
2018-07-28T19:50:00Z,phis-egi-demo:id/scientific-object/so-sp004007,82-8-PS_Tray_420-RGB2-FishEyeCorrected,,82-8-PS_Tray_420-RGB2-FishEyeMasked,,8547.368945,,847.9213666,
2018-07-28T19:50:00Z,phis-egi-demo:id/scientific-object/so-sp004008,82-8-PS_Tray_420-RGB2-FishEyeCorrected,,82-8-PS_Tray_420-RGB2-FishEyeMasked,,12075.80208,,998.6651029,
2018-07-28T19:50:00Z,phis-egi-demo:id/scientific-object/so-sp004009,82-8-PS_Tray_420-RGB2-FishEyeCorrected,,82-8-PS_Tray_420-RGB2-FishEyeMasked,,16890.80207,,903.1131814,
2018-07-28T19:50:00Z,phis-egi-demo:id/scientific-object/so-sp004010,82-8-PS_Tray_420-RGB2-FishEyeCorrected,,82-8-PS_Tray_420-RGB2-FishEyeMasked,,6673.309896,,827.5077945,
2018-07-28T19:50:00Z,phis-egi-demo:id/scientific-object/so-sp004011,82-8-PS_Tray_420-RGB2-FishEyeCorrected,,82-8-PS_Tray_420-RGB2-FishEyeMasked,,10933.87752,,1042.240096,
2018-07-28T19:50:00Z,phis-egi-demo:id/scientific-object/so-sp004012,82-8-PS_Tray_420-RGB2-FishEyeCorrected,,82-8-PS_Tray_420-RGB2-FishEyeMasked,,8346.779265,,957.4776909,
2018-07-28T19:54:00Z,phis-egi-demo:id/scientific-object/so-sp004013,82-8-PS_Tray_421-RGB2-FishEyeCorrected,,82-8-PS_Tray_421-RGB2-FishEyeMasked,,11928.30442,,1090.601805,
2018-07-28T19:54:00Z,phis-egi-demo:id/scientific-object/so-sp004014,82-8-PS_Tray_421-RGB2-FishEyeCorrected,,82-8-PS_Tray_421-RGB2-FishEyeMasked,,7254.689814,,845.5404448,
2018-07-28T19:54:00Z,phis-egi-demo:id/scientific-object/so-sp004015,82-8-PS_Tray_421-RGB2-FishEyeCorrected,,82-8-PS_Tray_421-RGB2-FishEyeMasked,,4859.436674,,625.927719,
2018-07-28T19:54:00Z,phis-egi-demo:id/scientific-object/so-sp004016,82-8-PS_Tray_421-RGB2-FishEyeCorrected,,82-8-PS_Tray_421-RGB2-FishEyeMasked,,3901.28188,,580.9558802,
2018-07-28T19:54:00Z,phis-egi-demo:id/scientific-object/so-sp004017,82-8-PS_Tray_421-RGB2-FishEyeCorrected,,82-8-PS_Tray_421-RGB2-FishEyeMasked,,7945.10914,,830.8412617,
2018-07-28T19:54:00Z,phis-egi-demo:id/scientific-object/so-sp004018,82-8-PS_Tray_421-RGB2-FishEyeCorrected,,82-8-PS_Tray_421-RGB2-FishEyeMasked,,10979.65265,,728.5096011,
2018-07-28T19:59:00Z,phis-egi-demo:id/scientific-object/so-sp004019,82-8-PS_Tray_422-RGB2-FishEyeCorrected,,82-8-PS_Tray_422-RGB2-FishEyeMasked,,12321.14075,,1222.49287,
2018-07-28T19:59:00Z,phis-egi-demo:id/scientific-object/so-sp004020,82-8-PS_Tray_422-RGB2-FishEyeCorrected,,82-8-PS_Tray_422-RGB2-FishEyeMasked,,7429.715017,,854.7420549,
2018-07-28T19:59:00Z,phis-egi-demo:id/scientific-object/so-sp004021,82-8-PS_Tray_422-RGB2-FishEyeCorrected,,82-8-PS_Tray_422-RGB2-FishEyeMasked,,8147.751116,,1043.350038,
2018-07-28T19:59:00Z,phis-egi-demo:id/scientific-object/so-sp004022,82-8-PS_Tray_422-RGB2-FishEyeCorrected,,82-8-PS_Tray_422-RGB2-FishEyeMasked,,8527.827512,,951.2501642,
2018-07-28T19:59:00Z,phis-egi-demo:id/scientific-object/so-sp004023,82-8-PS_Tray_422-RGB2-FishEyeCorrected,,82-8-PS_Tray_422-RGB2-FishEyeMasked,,4734.068125,,524.7302464,
2018-07-28T19:59:00Z,phis-egi-demo:id/scientific-object/so-sp004024,82-8-PS_Tray_422-RGB2-FishEyeCorrected,,82-8-PS_Tray_422-RGB2-FishEyeMasked,,6655.062303,,795.751869,
2018-07-28T20:03:00Z,phis-egi-demo:id/scientific-object/so-sp004031,82-8-PS_Tray_424-RGB2-FishEyeCorrected,,82-8-PS_Tray_424-RGB2-FishEyeMasked,,13648.26277,,913.4122974,
2018-07-28T20:03:00Z,phis-egi-demo:id/scientific-object/so-sp004032,82-8-PS_Tray_424-RGB2-FishEyeCorrected,,82-8-PS_Tray_424-RGB2-FishEyeMasked,,6789.220036,,730.2448602,
2018-07-28T20:03:00Z,phis-egi-demo:id/scientific-object/so-sp004033,82-8-PS_Tray_424-RGB2-FishEyeCorrected,,82-8-PS_Tray_424-RGB2-FishEyeMasked,,5442.868889,,468.8758072,
2018-07-28T20:03:00Z,phis-egi-demo:id/scientific-object/so-sp004034,82-8-PS_Tray_424-RGB2-FishEyeCorrected,,82-8-PS_Tray_424-RGB2-FishEyeMasked,,6010.641189,,648.557532,
2018-07-28T20:03:00Z,phis-egi-demo:id/scientific-object/so-sp004035,82-8-PS_Tray_424-RGB2-FishEyeCorrected,,82-8-PS_Tray_424-RGB2-FishEyeMasked,,5413.824432,,702.8480526,
2018-07-28T20:03:00Z,phis-egi-demo:id/scientific-object/so-sp004036,82-8-PS_Tray_424-RGB2-FishEyeCorrected,,82-8-PS_Tray_424-RGB2-FishEyeMasked,,7534.11445,,555.335281,
2018-07-28T20:07:00Z,phis-egi-demo:id/scientific-object/so-sp004025,82-8-PS_Tray_423-RGB2-FishEyeCorrected,,82-8-PS_Tray_423-RGB2-FishEyeMasked,,15848.94927,,1532.199385,
2018-07-28T20:07:00Z,phis-egi-demo:id/scientific-object/so-sp004026,82-8-PS_Tray_423-RGB2-FishEyeCorrected,,82-8-PS_Tray_423-RGB2-FishEyeMasked,,9903.223117,,956.0047231,
2018-07-28T20:07:00Z,phis-egi-demo:id/scientific-object/so-sp004027,82-8-PS_Tray_423-RGB2-FishEyeCorrected,,82-8-PS_Tray_423-RGB2-FishEyeMasked,,10979.51881,,746.7502741,
2018-07-28T20:07:00Z,phis-egi-demo:id/scientific-object/so-sp004028,82-8-PS_Tray_423-RGB2-FishEyeCorrected,,82-8-PS_Tray_423-RGB2-FishEyeMasked,,6374.076137,,860.2960303,
2018-07-28T20:07:00Z,phis-egi-demo:id/scientific-object/so-sp004029,82-8-PS_Tray_423-RGB2-FishEyeCorrected,,82-8-PS_Tray_423-RGB2-FishEyeMasked,,6741.035682,,907.82164,
2018-07-28T20:07:00Z,phis-egi-demo:id/scientific-object/so-sp004030,82-8-PS_Tray_423-RGB2-FishEyeCorrected,,82-8-PS_Tray_423-RGB2-FishEyeMasked,,12117.07109,,1101.1936,
2018-07-30T19:34:00Z,phis-egi-demo:id/scientific-object/so-sp004019,82-9-PS_Tray_422-RGB2-FishEyeCorrected,,82-9-PS_Tray_422-RGB2-FishEyeMasked,,19681.96999,,1821.771322,
2018-07-30T19:34:00Z,phis-egi-demo:id/scientific-object/so-sp004020,82-9-PS_Tray_422-RGB2-FishEyeCorrected,,82-9-PS_Tray_422-RGB2-FishEyeMasked,,12955.56807,,900.3625737,
2018-07-30T19:34:00Z,phis-egi-demo:id/scientific-object/so-sp004021,82-9-PS_Tray_422-RGB2-FishEyeCorrected,,82-9-PS_Tray_422-RGB2-FishEyeMasked,,15229.06649,,939.6090964,
2018-07-30T19:34:00Z,phis-egi-demo:id/scientific-object/so-sp004022,82-9-PS_Tray_422-RGB2-FishEyeCorrected,,82-9-PS_Tray_422-RGB2-FishEyeMasked,,14973.55557,,1115.338696,
2018-07-30T19:34:00Z,phis-egi-demo:id/scientific-object/so-sp004023,82-9-PS_Tray_422-RGB2-FishEyeCorrected,,82-9-PS_Tray_422-RGB2-FishEyeMasked,,8105.545191,,902.49239,
2018-07-30T19:34:00Z,phis-egi-demo:id/scientific-object/so-sp004024,82-9-PS_Tray_422-RGB2-FishEyeCorrected,,82-9-PS_Tray_422-RGB2-FishEyeMasked,,12544.35031,,1034.485958,
2018-07-30T19:38:00Z,phis-egi-demo:id/scientific-object/so-sp004031,82-9-PS_Tray_424-RGB2-FishEyeCorrected,,82-9-PS_Tray_424-RGB2-FishEyeMasked,,19112.99308,,1376.138834,
2018-07-30T19:38:00Z,phis-egi-demo:id/scientific-object/so-sp004032,82-9-PS_Tray_424-RGB2-FishEyeCorrected,,82-9-PS_Tray_424-RGB2-FishEyeMasked,,9377.21059,,888.5325788,
2018-07-30T19:38:00Z,phis-egi-demo:id/scientific-object/so-sp004033,82-9-PS_Tray_424-RGB2-FishEyeCorrected,,82-9-PS_Tray_424-RGB2-FishEyeMasked,,8390.234414,,585.2776912,
2018-07-30T19:38:00Z,phis-egi-demo:id/scientific-object/so-sp004034,82-9-PS_Tray_424-RGB2-FishEyeCorrected,,82-9-PS_Tray_424-RGB2-FishEyeMasked,,9285.660318,,621.9843873,
2018-07-30T19:38:00Z,phis-egi-demo:id/scientific-object/so-sp004035,82-9-PS_Tray_424-RGB2-FishEyeCorrected,,82-9-PS_Tray_424-RGB2-FishEyeMasked,,9230.426772,,811.6935187,
2018-07-30T19:38:00Z,phis-egi-demo:id/scientific-object/so-sp004036,82-9-PS_Tray_424-RGB2-FishEyeCorrected,,82-9-PS_Tray_424-RGB2-FishEyeMasked,,10790.97522,,786.3591982,
2018-07-30T19:42:00Z,phis-egi-demo:id/scientific-object/so-sp004025,82-9-PS_Tray_423-RGB2-FishEyeCorrected,,82-9-PS_Tray_423-RGB2-FishEyeMasked,,21349.28247,,1989.103254,
2018-07-30T19:42:00Z,phis-egi-demo:id/scientific-object/so-sp004026,82-9-PS_Tray_423-RGB2-FishEyeCorrected,,82-9-PS_Tray_423-RGB2-FishEyeMasked,,14410.20017,,975.9731116,
2018-07-30T19:42:00Z,phis-egi-demo:id/scientific-object/so-sp004027,82-9-PS_Tray_423-RGB2-FishEyeCorrected,,82-9-PS_Tray_423-RGB2-FishEyeMasked,,17015.94755,,837.266509,
2018-07-30T19:42:00Z,phis-egi-demo:id/scientific-object/so-sp004028,82-9-PS_Tray_423-RGB2-FishEyeCorrected,,82-9-PS_Tray_423-RGB2-FishEyeMasked,,12032.2577,,774.8455043,
2018-07-30T19:42:00Z,phis-egi-demo:id/scientific-object/so-sp004029,82-9-PS_Tray_423-RGB2-FishEyeCorrected,,82-9-PS_Tray_423-RGB2-FishEyeMasked,,12885.07615,,1150.661608,
2018-07-30T19:42:00Z,phis-egi-demo:id/scientific-object/so-sp004030,82-9-PS_Tray_423-RGB2-FishEyeCorrected,,82-9-PS_Tray_423-RGB2-FishEyeMasked,,NA,,NA,
2018-07-30T19:46:00Z,phis-egi-demo:id/scientific-object/so-sp004037,82-9-PS_Tray_425-RGB2-FishEyeCorrected,,82-9-PS_Tray_425-RGB2-FishEyeMasked,,5948.26922,,732.9545187,
2018-07-30T19:46:00Z,phis-egi-demo:id/scientific-object/so-sp004038,82-9-PS_Tray_425-RGB2-FishEyeCorrected,,82-9-PS_Tray_425-RGB2-FishEyeMasked,,7063.4247,,575.6339149,
2018-07-30T19:46:00Z,phis-egi-demo:id/scientific-object/so-sp004039,82-9-PS_Tray_425-RGB2-FishEyeCorrected,,82-9-PS_Tray_425-RGB2-FishEyeMasked,,8744.389413,,594.5517815,
2018-07-30T19:46:00Z,phis-egi-demo:id/scientific-object/so-sp004040,82-9-PS_Tray_425-RGB2-FishEyeCorrected,,82-9-PS_Tray_425-RGB2-FishEyeMasked,,6506.58311,,520.7019989,
2018-07-30T19:50:00Z,phis-egi-demo:id/scientific-object/so-sp004043,82-9-PS_Tray_426-RGB2-FishEyeCorrected,,82-9-PS_Tray_426-RGB2-FishEyeMasked,,2824.138502,,818.1963972,
2018-07-30T19:50:00Z,phis-egi-demo:id/scientific-object/so-sp004044,82-9-PS_Tray_426-RGB2-FishEyeCorrected,,82-9-PS_Tray_426-RGB2-FishEyeMasked,,1900.560443,,473.382903,
2018-07-30T19:50:00Z,phis-egi-demo:id/scientific-object/so-sp004045,82-9-PS_Tray_426-RGB2-FishEyeCorrected,,82-9-PS_Tray_426-RGB2-FishEyeMasked,,2026.553605,,596.2188275,
2018-07-30T19:50:00Z,phis-egi-demo:id/scientific-object/so-sp004046,82-9-PS_Tray_426-RGB2-FishEyeCorrected,,82-9-PS_Tray_426-RGB2-FishEyeMasked,,2661.605539,,597.4261207,
2018-07-30T19:50:00Z,phis-egi-demo:id/scientific-object/so-sp004047,82-9-PS_Tray_426-RGB2-FishEyeCorrected,,82-9-PS_Tray_426-RGB2-FishEyeMasked,,3185.298078,,766.3753566,
2018-07-30T19:50:00Z,phis-egi-demo:id/scientific-object/so-sp004048,82-9-PS_Tray_426-RGB2-FishEyeCorrected,,82-9-PS_Tray_426-RGB2-FishEyeMasked,,1959.586276,,534.7115527,
2018-07-30T19:50:00Z,phis-egi-demo:id/scientific-object/so-sp004049,82-9-PS_Tray_426-RGB2-FishEyeCorrected,,82-9-PS_Tray_426-RGB2-FishEyeMasked,,2029.453589,,539.1058439,
2018-07-30T19:50:00Z,phis-egi-demo:id/scientific-object/so-sp004050,82-9-PS_Tray_426-RGB2-FishEyeCorrected,,82-9-PS_Tray_426-RGB2-FishEyeMasked,,1492.331892,,437.9559803,
2018-07-30T19:50:00Z,phis-egi-demo:id/scientific-object/so-sp004051,82-9-PS_Tray_426-RGB2-FishEyeCorrected,,82-9-PS_Tray_426-RGB2-FishEyeMasked,,1334.528134,,429.2756765,
2018-07-30T19:50:00Z,phis-egi-demo:id/scientific-object/so-sp004052,82-9-PS_Tray_426-RGB2-FishEyeCorrected,,82-9-PS_Tray_426-RGB2-FishEyeMasked,,1441.738321,,424.7188381,
2018-07-30T19:54:00Z,phis-egi-demo:id/scientific-object/so-sp004007,82-9-PS_Tray_420-RGB2-FishEyeCorrected,,82-9-PS_Tray_420-RGB2-FishEyeMasked,,11893.41538,,1329.113302,
2018-07-30T19:54:00Z,phis-egi-demo:id/scientific-object/so-sp004008,82-9-PS_Tray_420-RGB2-FishEyeCorrected,,82-9-PS_Tray_420-RGB2-FishEyeMasked,,18130.12149,,1615.500374,
2018-07-30T19:54:00Z,phis-egi-demo:id/scientific-object/so-sp004009,82-9-PS_Tray_420-RGB2-FishEyeCorrected,,82-9-PS_Tray_420-RGB2-FishEyeMasked,,21311.35959,,1308.945684,
2018-07-30T19:54:00Z,phis-egi-demo:id/scientific-object/so-sp004010,82-9-PS_Tray_420-RGB2-FishEyeCorrected,,82-9-PS_Tray_420-RGB2-FishEyeMasked,,11427.99022,,848.0538915,
2018-07-30T19:54:00Z,phis-egi-demo:id/scientific-object/so-sp004011,82-9-PS_Tray_420-RGB2-FishEyeCorrected,,82-9-PS_Tray_420-RGB2-FishEyeMasked,,15625.3828,,1477.401502,
2018-07-30T19:54:00Z,phis-egi-demo:id/scientific-object/so-sp004012,82-9-PS_Tray_420-RGB2-FishEyeCorrected,,82-9-PS_Tray_420-RGB2-FishEyeMasked,,14419.25704,,1271.533905,
2018-07-30T19:59:00Z,phis-egi-demo:id/scientific-object/so-sp004053,82-9-PS_Tray_427-RGB2-FishEyeCorrected,,82-9-PS_Tray_427-RGB2-FishEyeMasked,,365.799551,,172.0849826,
2018-07-30T19:59:00Z,phis-egi-demo:id/scientific-object/so-sp004054,82-9-PS_Tray_427-RGB2-FishEyeCorrected,,82-9-PS_Tray_427-RGB2-FishEyeMasked,,577.3645553,,257.8269383,
2018-07-30T19:59:00Z,phis-egi-demo:id/scientific-object/so-sp004055,82-9-PS_Tray_427-RGB2-FishEyeCorrected,,82-9-PS_Tray_427-RGB2-FishEyeMasked,,43.94591508,,43.03094955,
2018-07-30T19:59:00Z,phis-egi-demo:id/scientific-object/so-sp004056,82-9-PS_Tray_427-RGB2-FishEyeCorrected,,82-9-PS_Tray_427-RGB2-FishEyeMasked,,244.4909793,,129.0415974,
2018-07-30T19:59:00Z,phis-egi-demo:id/scientific-object/so-sp004057,82-9-PS_Tray_427-RGB2-FishEyeCorrected,,82-9-PS_Tray_427-RGB2-FishEyeMasked,,NA,,NA,
2018-07-30T19:59:00Z,phis-egi-demo:id/scientific-object/so-sp004058,82-9-PS_Tray_427-RGB2-FishEyeCorrected,,82-9-PS_Tray_427-RGB2-FishEyeMasked,,176.4082723,,80.83000068,
2018-07-30T19:59:00Z,phis-egi-demo:id/scientific-object/so-sp004059,82-9-PS_Tray_427-RGB2-FishEyeCorrected,,82-9-PS_Tray_427-RGB2-FishEyeMasked,,45.28436934,,30.24627557,
2018-07-30T19:59:00Z,phis-egi-demo:id/scientific-object/so-sp004060,82-9-PS_Tray_427-RGB2-FishEyeCorrected,,82-9-PS_Tray_427-RGB2-FishEyeMasked,,439.1914599,,221.986363,
2018-07-30T19:59:00Z,phis-egi-demo:id/scientific-object/so-sp004061,82-9-PS_Tray_427-RGB2-FishEyeCorrected,,82-9-PS_Tray_427-RGB2-FishEyeMasked,,28.99984244,,34.92320317,
2018-07-30T19:59:00Z,phis-egi-demo:id/scientific-object/so-sp004062,82-9-PS_Tray_427-RGB2-FishEyeCorrected,,82-9-PS_Tray_427-RGB2-FishEyeMasked,,26.14447334,,21.01615191,
2018-07-30T20:03:00Z,phis-egi-demo:id/scientific-object/so-sp004001,82-9-PS_Tray_419-RGB2-FishEyeCorrected,,82-9-PS_Tray_419-RGB2-FishEyeMasked,,15730.45146,,1356.711472,
2018-07-30T20:03:00Z,phis-egi-demo:id/scientific-object/so-sp004002,82-9-PS_Tray_419-RGB2-FishEyeCorrected,,82-9-PS_Tray_419-RGB2-FishEyeMasked,,12076.20362,,944.5356208,
2018-07-30T20:03:00Z,phis-egi-demo:id/scientific-object/so-sp004003,82-9-PS_Tray_419-RGB2-FishEyeCorrected,,82-9-PS_Tray_419-RGB2-FishEyeMasked,,20906.34333,,1855.984291,
2018-07-30T20:03:00Z,phis-egi-demo:id/scientific-object/so-sp004004,82-9-PS_Tray_419-RGB2-FishEyeCorrected,,82-9-PS_Tray_419-RGB2-FishEyeMasked,,16780.95959,,1766.12553,
2018-07-30T20:03:00Z,phis-egi-demo:id/scientific-object/so-sp004005,82-9-PS_Tray_419-RGB2-FishEyeCorrected,,82-9-PS_Tray_419-RGB2-FishEyeMasked,,16123.77855,,1766.121888,
2018-07-30T20:03:00Z,phis-egi-demo:id/scientific-object/so-sp004006,82-9-PS_Tray_419-RGB2-FishEyeCorrected,,82-9-PS_Tray_419-RGB2-FishEyeMasked,,13920.37052,,1296.097323,
2018-07-30T20:07:00Z,phis-egi-demo:id/scientific-object/so-sp004013,82-9-PS_Tray_421-RGB2-FishEyeCorrected,,82-9-PS_Tray_421-RGB2-FishEyeMasked,,14595.79916,,1639.445134,
2018-07-30T20:07:00Z,phis-egi-demo:id/scientific-object/so-sp004014,82-9-PS_Tray_421-RGB2-FishEyeCorrected,,82-9-PS_Tray_421-RGB2-FishEyeMasked,,11588.33704,,1120.25216,
2018-07-30T20:07:00Z,phis-egi-demo:id/scientific-object/so-sp004015,82-9-PS_Tray_421-RGB2-FishEyeCorrected,,82-9-PS_Tray_421-RGB2-FishEyeMasked,,9149.182598,,1021.794993,
2018-07-30T20:07:00Z,phis-egi-demo:id/scientific-object/so-sp004016,82-9-PS_Tray_421-RGB2-FishEyeCorrected,,82-9-PS_Tray_421-RGB2-FishEyeMasked,,6377.689964,,831.9885103,
2018-07-30T20:07:00Z,phis-egi-demo:id/scientific-object/so-sp004017,82-9-PS_Tray_421-RGB2-FishEyeCorrected,,82-9-PS_Tray_421-RGB2-FishEyeMasked,,13003.48473,,1148.568473,
2018-07-30T20:07:00Z,phis-egi-demo:id/scientific-object/so-sp004018,82-9-PS_Tray_421-RGB2-FishEyeCorrected,,82-9-PS_Tray_421-RGB2-FishEyeMasked,,14720.98925,,1116.162359,
